month,handle,revenue,hold,taxes,state
2021-09-01,291212868,32308342,11.1,31393,Arizona
2021-10-01,486097352,37510371,7.7,1022841,Arizona
2021-11-01,466725687,51416143,11,3177148,Arizona
2021-12-01,499213733,39822928,8,1723902,Arizona
2022-01-01,563694591,41890200,7.4,1952971,Arizona
2022-02-01,491665554,25629835,5.2,670686,Arizona
2022-03-01,690979294,38898393,5.6,1864457,Arizona
2022-04-01,512877848,30441992,5.9,1647450,Arizona
2022-05-01,461450688,56193286,12.2,4125125,Arizona
2022-06-01,318774198,12601356,4,766831,Arizona
2022-07-01,290511533,22684581,7.8,1496427,Arizona
2022-08-01,361008835,37161759,10.3,2767590,Arizona
2022-09-01,537966149,56428816,10.5,3058838,Arizona
2022-10-01,618570296,49392417,8,2963716,Arizona
2022-11-01,616855045,56028195,9.1,3876208,Arizona
2022-12-01,572490899,55581725,9.7,3724395,Arizona
2023-01-01,591220794,47486817,8,2886502,Arizona
2023-02-01,609278096,35412452,5.8,1609581,Arizona
2023-03-01,644763991,53523947,8.3,3704268,Arizona
2023-04-01,535712027,49163323,9.2,3429846,Arizona
2023-05-01,451717025,49458507,10.9,3376059,Arizona
2023-06-01,393198858,28331608,7.2,1633356,Arizona
2023-07-01,323211485,35343495,10.9,2678598,Arizona
2023-08-01,358875474,31681151,8.8,2128096,Arizona
2023-09-01,610716285,60115066,9.8,3243222,Arizona
2023-10-01,648208573,56868981,8.8,3287799,Arizona
2023-11-01,713586704,42333282,5.9,2023887,Arizona
2023-12-01,693310960,67697686,9.8,4817325,Arizona
2024-01-01,706382861,70943718,10,4610005,Arizona
2024-02-01,637485879,54329589,8.5,2788885,Arizona
2024-03-01,759807633,59289055,7.8,3784200,Arizona
2024-04-01,656322666,64489906,9.8,4328378,Arizona
2024-05-01,568493315,62444214,11,4307143,Arizona
2024-06-01,454116117,47269458,10.4,3157087,Arizona
2024-07-01,410140440,42514638,10.4,2896319,Arizona
2024-08-01,496602562,37071285,7.5,2239781,Arizona
2024-09-01,732099544,76364871,10.4,3962932,Arizona
2024-10-01,791243694,55622010,7,2353297,Arizona
2024-11-01,897635847,86285876,9.6,5731498,Arizona
2024-12-01,849316636,51089325,6,2580184,Arizona
2025-01-01,864246556,85003961,9.8,5318013,Arizona
2025-02-01,699726800,65584317,9.4,3980547,Arizona
2025-03-01,887363830,50409421,5.7,2491843,Arizona
2025-04-01,746436864,65890775,8.8,4337306,Arizona
2025-05-01,707103199,75074646,10.6,5169342,Arizona
2025-06-01,542954635,68139684,12.5,5028579,Arizona
2019-07-01,416160,76885,18.5,9995,Arkansas
2019-08-01,778249,58858,7.6,7652,Arkansas
2019-09-01,2252196,183044,8.1,23796,Arkansas
2019-10-01,2216369,380006,17.1,49401,Arkansas
2019-11-01,2978235,181497,6.1,23595,Arkansas
2019-12-01,2633806,455368,17.3,59198,Arkansas
2020-01-01,2587732,254811,9.8,33263,Arkansas
2020-02-01,4294366,411589,9.6,67494,Arkansas
2020-03-01,1588403,222373,14,38310,Arkansas
2020-04-01,0,0,NA,0,Arkansas
2020-05-01,509,-115,-22.6,-15,Arkansas
2020-06-01,1189,10,0.8,1,Arkansas
2020-07-01,179315,-19633,-10.9,-2552,Arkansas
2020-08-01,1008992,69625,6.9,9051,Arkansas
2020-09-01,3958748,397095,10,51622,Arkansas
2020-10-01,6559859,940513,14.3,122267,Arkansas
2020-11-01,6288249,975984,15.5,126878,Arkansas
2020-12-01,6415446,1054273,16.4,137055,Arkansas
2021-01-01,7187194,1383240,19.2,180474,Arkansas
2021-02-01,4469442,651239,14.6,92922,Arkansas
2021-03-01,5947427,805182,13.5,130877,Arkansas
2021-04-01,4065703,756328,18.6,131137,Arkansas
2021-05-01,3687207,506142,13.7,81710,Arkansas
2021-06-01,3895683,382940,9.8,59088,Arkansas
2021-07-01,2908833,449040,15.4,58375,Arkansas
2021-08-01,2892285,310481,10.7,40363,Arkansas
2021-09-01,7007774,809404,11.6,105223,Arkansas
2021-10-01,9506183,803567,8.5,104464,Arkansas
2021-11-01,8380191,1623434,19.4,211047,Arkansas
2021-12-01,7794292,130305,1.7,6188,Arkansas
2022-01-01,8775932,1181335,13.5,153574,Arkansas
2022-02-01,5876444,359103,6.1,61390,Arkansas
2022-03-01,10686501,791867,7.4,119671,Arkansas
2022-04-01,8598226,749810,8.7,120297,Arkansas
2022-05-01,10185647,615576,6,117426,Arkansas
2022-06-01,12632207,4045,0,12598,Arkansas
2022-07-01,9290467,854436,9.2,111077,Arkansas
2022-08-01,10195911,1015339,10,131994,Arkansas
2022-09-01,21185547,3208032,15.1,417044,Arkansas
2022-10-01,26879107,2793719,10.4,363183,Arkansas
2022-11-01,30576009,2999450,9.8,452393,Arkansas
2022-12-01,30936485,3409972,11,449690,Arkansas
2023-01-01,32976264,2868244,8.7,439379,Arkansas
2023-02-01,29532263,1709714,5.8,254925,Arkansas
2023-03-01,37474412,4264047,11.4,626042,Arkansas
2023-04-01,25452659,2336023,9.2,349633,Arkansas
2023-05-01,22777209,2293281,10.1,458656,Arkansas
2023-06-01,22708945,1334973,5.9,266995,Arkansas
2023-07-01,17577626,2077422,11.8,270065,Arkansas
2023-08-01,22553214,1673538,7.4,217560,Arkansas
2023-09-01,41002257,3992930,9.7,519081,Arkansas
2023-10-01,44986803,5825161,12.9,757271,Arkansas
2023-11-01,54770449,3018845,5.5,392450,Arkansas
2023-12-01,52952226,5762757,10.9,783089,Arkansas
2024-01-01,50698701,5855921,11.6,894654,Arkansas
2024-02-01,40947811,2672209,6.5,413682,Arkansas
2024-03-01,50031696,3406749,6.8,510490,Arkansas
2024-04-01,41763742,3788712,9.1,568356,Arkansas
2024-05-01,39823867,3556977,8.9,700934,Arkansas
2024-06-01,31416492,3227769,10.3,645554,Arkansas
2024-07-01,25464080,2677225,10.5,348039,Arkansas
2024-08-01,32207497,1941927,6,252451,Arkansas
2024-09-01,53056638,6918341,13,899384,Arkansas
2024-10-01,60435368,3150162,5.2,409521,Arkansas
2024-11-01,66058203,9201130,13.9,1196147,Arkansas
2024-12-01,65930594,2008583,3,277977,Arkansas
2025-01-01,62347910,6931367,11.1,1023821,Arkansas
2025-02-01,46305952,4386890,9.5,656426,Arkansas
2025-03-01,65593042,1703065,2.6,248846,Arkansas
2025-04-01,48687247,4542660,9.3,829731,Arkansas
2025-05-01,47308479,4706466,9.9,941293,Arkansas
2025-06-01,37466071,4888919,13,977784,Arkansas
2025-07-01,29432610,3427539,11.6,445580,Arkansas
2020-05-01,25621762,2565729,10,96545,Colorado
2020-06-01,38136949,3484015,9.1,217945,Colorado
2020-07-01,59183620,5196599,8.8,239153,Colorado
2020-08-01,128646209,7519599,5.8,189326,Colorado
2020-09-01,207655943,4166334,2,69772,Colorado
2020-10-01,210719821,17402409,8.3,806618,Colorado
2020-11-01,231238842,18354655,7.9,780635,Colorado
2020-12-01,284551472,17151867,6,531495,Colorado
2021-01-01,326903462,23144535,7.1,1194690,Colorado
2021-02-01,266549207,10444810,3.9,333976,Colorado
2021-03-01,300990842,20365119,6.8,1061008,Colorado
2021-04-01,244446760,17563939,7.2,1083812,Colorado
2021-05-01,248968193,15129108,6.1,633896,Colorado
2021-06-01,229764688,19730957,8.6,1186455,Colorado
2021-07-01,181327995,15652461,8.6,999111,Colorado
2021-08-01,211918185,15228343,7.2,728518,Colorado
2021-09-01,408314625,22658630,5.5,483048,Colorado
2021-10-01,491453342,28616708,5.8,1246804,Colorado
2021-11-01,475441229,36781848,7.7,1981640,Colorado
2021-12-01,461448574,24732487,5.4,770561,Colorado
2022-01-01,573720213,34640219,6,1447952,Colorado
2022-02-01,440508421,19604490,4.5,314731,Colorado
2022-03-01,505611080,28238194,5.6,1313076,Colorado
2022-04-01,392311737,22571887,5.8,1231742,Colorado
2022-05-01,360325438,27119329,7.5,1659189,Colorado
2022-06-01,313215081,6781092,2.2,268280,Colorado
2022-07-01,258414808,20802881,8.1,1092182,Colorado
2022-08-01,290107970,25859270,8.9,1822272,Colorado
2022-09-01,450232597,51339659,11.4,2989342,Colorado
2022-10-01,526619777,36514974,6.9,2330705,Colorado
2022-11-01,552603013,37569022,6.8,2581533,Colorado
2022-12-01,518088768,40909238,7.9,2583711,Colorado
2023-01-01,547189025,35482562,6.5,2586457,Colorado
2023-02-01,425142877,22599602,5.3,1257332,Colorado
2023-03-01,494440210,45935669,9.3,3103024,Colorado
2023-04-01,417814147,35148592,8.4,2582615,Colorado
2023-05-01,385242136,31406903,8.2,2218084,Colorado
2023-06-01,310656478,9223661,3,441951,Colorado
2023-07-01,281110490,24962106,8.9,1778773,Colorado
2023-08-01,306065791,25873058,8.5,1806025,Colorado
2023-09-01,512792794,45276517,8.8,3126136,Colorado
2023-10-01,554859801,46914492,8.5,3351482,Colorado
2023-11-01,608488266,28585606,4.7,1489224,Colorado
2023-12-01,716430270,40537499,5.7,3682335,Colorado
2024-01-01,596685968,53490323,9,4128369,Colorado
2024-02-01,536988261,25762378,4.8,1302174,Colorado
2024-03-01,593094977,45041776,7.6,2852592,Colorado
2024-04-01,509508228,32028036,6.3,1910656,Colorado
2024-05-01,447561934,44991355,10.1,3206326,Colorado
2024-06-01,350425610,28196297,8,1816861,Colorado
2024-07-01,320396841,32548659,10.2,2369730,Colorado
2024-08-01,372378664,33202184,8.9,2375443,Colorado
2024-09-01,562923090,55092144,9.8,4049802,Colorado
2024-10-01,601222031,39328305,6.5,2474941,Colorado
2024-11-01,647951807,55666475,8.6,3958611,Colorado
2024-12-01,648426634,29828799,4.6,1488607,Colorado
2025-01-01,657182798,60909819,9.3,4443574,Colorado
2025-02-01,496628781,46377521,9.3,3431766,Colorado
2025-03-01,618044247,37247841,6,2217394,Colorado
2025-04-01,507860831,47275156,9.3,3402122,Colorado
2025-05-01,495332856,49043013,9.9,3587198,Colorado
2025-06-01,372493465,39848630,10.7,3079722,Colorado
2025-07-01,352309841,35533248,10.1,2715532,Colorado
2021-10-01,54641474,5567547,10.2,512951,Connecticut
2021-11-01,131729179,17456823,13.3,1712136,Connecticut
2021-12-01,150073755,10242899,6.8,929336,Connecticut
2022-01-01,158092481,11891808,7.5,1142510,Connecticut
2022-02-01,115619953,5844220,5.1,501516,Connecticut
2022-03-01,140747137,11511388,8.2,1037570,Connecticut
2022-04-01,116465199,10353842,8.9,988263,Connecticut
2022-05-01,115180155,10308064,8.9,981304,Connecticut
2022-06-01,95421852,7142610,7.5,669453,Connecticut
2022-07-01,78316775,8611816,11,859094,Connecticut
2022-08-01,80037045,10882317,13.6,1153125,Connecticut
2022-09-01,130547719,17608762,13.5,1777391,Connecticut
2022-10-01,164170106,17012667,10.4,1736473,Connecticut
2022-11-01,165026282,17869847,10.8,1942387,Connecticut
2022-12-01,160266050,16268906,10.2,1736006,Connecticut
2023-01-01,167673044,19610098,11.7,1919290,Connecticut
2023-02-01,136508300,11626147,8.5,1175694,Connecticut
2023-03-01,159997579,17029646,10.6,1855821,Connecticut
2023-04-01,126683869,13610074,10.7,1458730,Connecticut
2023-05-01,109421369,15271178,14,1645394,Connecticut
2023-06-01,91414677,9752058,10.7,961577,Connecticut
2023-07-01,91512897,11126316,12.2,1215313,Connecticut
2023-08-01,91316807,9797155,10.7,1027171,Connecticut
2023-09-01,180954956,18900892,10.4,2048710,Connecticut
2023-10-01,189626160,19849187,10.5,2243142,Connecticut
2023-11-01,205736989,12862839,6.3,1416233,Connecticut
2023-12-01,212171045,22813764,10.8,2569806,Connecticut
2024-01-01,202752249,25570170,12.6,2864562,Connecticut
2024-02-01,162841632,14820348,9.1,1598679,Connecticut
2024-03-01,187815980,16981438,9,1892701,Connecticut
2024-04-01,154109876,19105482,12.4,2133325,Connecticut
2024-05-01,163648829,17941322,11,1973947,Connecticut
2024-06-01,148557056,15626345,10.5,1695681,Connecticut
2024-07-01,121808571,15853217,13,1748461,Connecticut
2024-08-01,129150001,14514077,11.2,1577559,Connecticut
2024-09-01,214394512,27018896,12.6,3072543,Connecticut
2024-10-01,229151493,19101389,8.3,2113436,Connecticut
2024-11-01,228155465,30693791,13.5,3509155,Connecticut
2024-12-01,243670782,14773557,6.1,1622646,Connecticut
2025-01-01,229341717,27646389,12.1,3095758,Connecticut
2025-02-01,169389080,20788142,12.3,2346734,Connecticut
2025-03-01,207660971,16887263,8.1,1873342,Connecticut
2025-04-01,181821330,19320106,10.6,2132126,Connecticut
2025-05-01,183947658,23194744,12.6,2580944,Connecticut
2025-06-01,140533729,18387003,13.1,2063288,Connecticut
2025-07-01,123505445,16404168,13.3,1832016,Connecticut
2018-06-01,7003725,1000247,14.3,196323,Delaware
2018-07-01,8214765,527115,6.4,275671,Delaware
2018-08-01,8018354,983052,12.3,538543,Delaware
2018-09-01,23257965,7807511,33.6,4703849,Delaware
2018-10-01,21231427,2565957,12.1,1460148,Delaware
2018-11-01,24206090,2505848,10.4,1155765,Delaware
2018-12-01,23419539,5810007,24.8,3407848,Delaware
2019-01-01,14130069,2687370,19,1516520,Delaware
2019-02-01,8709205,-616941,-7.1,-483414,Delaware
2019-03-01,10483128,1879045,17.9,982447,Delaware
2019-04-01,6088183,703739,11.6,367524,Delaware
2019-05-01,5920766,464335,7.8,242081,Delaware
2019-06-01,6325464,533377,8.4,278491,Delaware
2019-07-01,3920974,579897,14.8,303225,Delaware
2019-08-01,4745747,586057,12.3,290170,Delaware
2019-09-01,18781406,5979895,31.8,3558378,Delaware
2019-10-01,16066023,4640776,28.9,2691088,Delaware
2019-11-01,16850854,4235148,25.1,2463260,Delaware
2019-12-01,20466561,4174862,20.4,2324290,Delaware
2020-01-01,11187011,2527312,22.6,1386819,Delaware
2020-02-01,7279650,-410665,-5.6,-367301,Delaware
2020-03-01,3877068,653127,16.8,340952,Delaware
2020-04-01,0,0,NA,-104,Delaware
2020-05-01,0,0,NA,-15,Delaware
2020-06-01,0,0,NA,-33,Delaware
2020-07-01,209282,13845,6.6,7040,Delaware
2020-08-01,2957634,419561,14.2,220175,Delaware
2020-09-01,12439302,2803022,22.5,1596046,Delaware
2020-10-01,17086034,4945186,28.9,2877725,Delaware
2020-11-01,19510093,8162861,41.8,5018419,Delaware
2020-12-01,15696681,4408081,28.1,2645802,Delaware
2021-01-01,15649254,3288405,21,1798838,Delaware
2021-02-01,7519710,679021,9,313006,Delaware
2021-03-01,6666115,1104859,16.6,577524,Delaware
2021-04-01,5470520,1023199,18.7,534814,Delaware
2021-05-01,7060911,775611,11,404929,Delaware
2021-06-01,5958137,737984,12.4,385357,Delaware
2021-07-01,4110581,724765,17.6,378599,Delaware
2021-08-01,5251471,541621,10.3,269110,Delaware
2021-09-01,13702755,4420661,32.3,2658149,Delaware
2021-10-01,22238321,4635199,20.8,2625850,Delaware
2021-11-01,13383727,6226325,46.5,3843342,Delaware
2021-12-01,12638955,-972383,-7.7,-1088521,Delaware
2022-01-01,12637103,2716347,21.5,1989974,Delaware
2022-02-01,5436407,74297,1.4,15012,Delaware
2022-03-01,5157583,631099,12.2,331496,Delaware
2022-04-01,4200298,358171,8.5,188322,Delaware
2022-05-01,5127275,565508,11,296948,Delaware
2022-06-01,3507846,242316,6.9,127482,Delaware
2022-07-01,2678686,438069,16.4,229305,Delaware
2022-08-01,2902652,399945,13.8,226701,Delaware
2022-09-01,8908981,2915961,32.7,2419632,Delaware
2022-10-01,13545163,2597717,19.2,2084703,Delaware
2022-11-01,10172819,1622874,16,1270575,Delaware
2022-12-01,8157580,1428195,17.5,1196569,Delaware
2023-01-01,8457660,1714167,20.3,1441653,Delaware
2023-02-01,4120957,347890,8.4,190355,Delaware
2023-03-01,3491183,622285,17.8,325556,Delaware
2023-04-01,3450142,757951,22,239884,Delaware
2023-05-01,2760829,276116,10,159433,Delaware
2023-06-01,3128258,80201,2.6,45282,Delaware
2023-07-01,2256345,311152,13.8,203984,Delaware
2023-08-01,2400532,340209,14.2,229649,Delaware
2023-09-01,7633259,991828,13,865047,Delaware
2023-10-01,10663362,2706248,25.4,2368232,Delaware
2023-11-01,8126283,600906,7.4,509072,Delaware
2023-12-01,8837999,2147792,24.3,1859356,Delaware
2024-01-01,17085199,1957473,11.5,1306854,Delaware
2024-02-01,13763241,659017,4.8,283002,Delaware
2024-03-01,18935525,1168825,6.2,639169,Delaware
2024-04-01,15522996,1147601,7.4,641491,Delaware
2024-05-01,15107592,1201087,8,644012,Delaware
2024-06-01,13058698,906777,6.9,502258,Delaware
2024-07-01,9927116,1214849,12.2,679409,Delaware
2024-08-01,10259279,797507,7.8,433720,Delaware
2024-09-01,23242735,3232416,13.9,2213505,Delaware
2024-10-01,24502521,1034657,4.2,433781,Delaware
2024-11-01,26390185,2935614,11.1,1948890,Delaware
2024-12-01,28445372,116593,0.4,-171708,Delaware
2025-01-01,23805707,1944581,8.2,1113892,Delaware
2025-02-01,18056720,726313,4,365328,Delaware
2025-03-01,21585890,1033146,4.8,574475,Delaware
2025-04-01,18213653,1386298,7.6,754006,Delaware
2025-05-01,17460383,1308127,7.5,705948,Delaware
2025-06-01,14421282,1626048,11.3,889872,Delaware
2025-07-01,13223247,1288319,9.7,715716,Delaware
2025-08-01,15605825,1029364,6.6,555072,Delaware
2020-05-01,9723,-240,-2.5,-138,District of Columbia
2020-06-01,223730,36985,16.5,21267,District of Columbia
2020-07-01,743330,144019,19.4,81985,District of Columbia
2020-08-01,11262442,1703416,15.1,302459,District of Columbia
2020-09-01,15455160,1804299,11.7,417406,District of Columbia
2020-10-01,18491984,3484946,18.8,712904,District of Columbia
2020-11-01,17600534,3611200,20.5,780392,District of Columbia
2020-12-01,16696995,2708653,16.2,654293,District of Columbia
2021-01-01,15746168,2805493,17.8,714407,District of Columbia
2021-02-01,15303079,1333019,8.7,418447,District of Columbia
2021-03-01,15275215,1867034,12.2,526444,District of Columbia
2021-04-01,10746937,2087240,19.4,463216,District of Columbia
2021-05-01,13772411,2008091,14.6,503584,District of Columbia
2021-06-01,19518408,2191486,11.2,465194,District of Columbia
2021-07-01,12808239,1801748,14.1,385720,District of Columbia
2021-08-01,12445312,1492901,12,294946,District of Columbia
2021-09-01,20706483,3883674,18.8,671465,District of Columbia
2021-10-01,26332228,1570660,6,460630,District of Columbia
2021-11-01,21419454,4434922,20.7,954592,District of Columbia
2021-12-01,19220227,1398706,7.3,456087,District of Columbia
2022-01-01,18627789,1962256,10.5,648862,District of Columbia
2022-02-01,19072856,740542,3.9,283248,District of Columbia
2022-03-01,20432718,1365996,6.7,379705,District of Columbia
2022-04-01,18379904,1431275,7.8,429384,District of Columbia
2022-05-01,17234140,2016709,11.7,545785,District of Columbia
2022-06-01,13760754,999645,7.3,311166,District of Columbia
2022-07-01,11346178,1166210,10.3,333989,District of Columbia
2022-08-01,13147645,1832685,13.9,448312,District of Columbia
2022-09-01,19361047,3530497,18.2,847067,District of Columbia
2022-10-01,24801500,3111718,12.5,709273,District of Columbia
2022-11-01,21401682,2641693,12.3,664840,District of Columbia
2022-12-01,18665909,2410628,12.9,619230,District of Columbia
2023-01-01,20115254,1494441,7.4,561314,District of Columbia
2023-02-01,14634828,1193982,8.2,424025,District of Columbia
2023-03-01,18091768,2275690,12.6,636507,District of Columbia
2023-04-01,14052054,1418907,10.1,486723,District of Columbia
2023-05-01,12532899,2024803,16.2,540339,District of Columbia
2023-06-01,11150333,484844,4.3,120020,District of Columbia
2023-07-01,7722843,1409549,18.3,363715,District of Columbia
2023-08-01,8111021,1048451,12.9,304768,District of Columbia
2023-09-01,14480473,1934261,13.4,476272,District of Columbia
2023-10-01,16435889,2001445,12.2,516918,District of Columbia
2023-11-01,17128831,1227995,7.2,345792,District of Columbia
2023-12-01,15315497,2533959,16.5,651735,District of Columbia
2024-01-01,15957167,1933439,12.1,521114,District of Columbia
2024-02-01,11977394,1219280,10.2,313660,District of Columbia
2024-03-01,15742055,1366515,8.7,323907,District of Columbia
2024-04-01,26649703,3529186,13.2,1392454,District of Columbia
2024-05-01,35444990,5440639,15.3,2943299,District of Columbia
2024-06-01,29627133,3993069,13.5,2172561,District of Columbia
2024-07-01,27347852,3893780,14.2,1253034,District of Columbia
2024-08-01,40583711,4542229,11.2,1050503,District of Columbia
2024-09-01,58817348,8187522,13.9,1926237,District of Columbia
2024-10-01,65834192,6566154,10,1466332,District of Columbia
2024-11-01,68272811,9029019,13.2,2056657,District of Columbia
2024-12-01,65333157,4035336,6.2,899740,District of Columbia
2025-01-01,73096228,9295356,12.7,2090104,District of Columbia
2025-02-01,59507037,7349433,12.4,1684139,District of Columbia
2025-03-01,86014452,6222044,7.2,1496244,District of Columbia
2025-04-01,71545569,8294716,11.6,1917367,District of Columbia
2025-05-01,74470050,7972800,10.7,1867681,District of Columbia
2025-06-01,50731952,6774236,13.4,1571681,District of Columbia
2025-07-01,55927318,5486930,9.8,1266665,District of Columbia
2025-08-01,54116566,5912092,10.9,1382697,District of Columbia
2020-03-01,997739,120054,12,12242,Illinois
2020-04-01,0,-592,NA,0,Illinois
2020-05-01,0,0,NA,0,Illinois
2020-06-01,8281803,812901,9.8,59446,Illinois
2020-07-01,52524612,4769184,9.1,585623,Illinois
2020-08-01,140065649,7643489,5.5,1176754,Illinois
2020-09-01,305223938,11754530,3.9,1107906,Illinois
2020-10-01,434567103,46967823,10.8,6807284,Illinois
2020-11-01,449239162,36974421,8.2,6618259,Illinois
2020-12-01,491720536,28368846,5.8,3823629,Illinois
2021-01-01,581553300,49365489,8.5,7670847,Illinois
2021-02-01,509794592,30313913,5.9,5850897,Illinois
2021-03-01,633614957,49884489,7.9,7141198,Illinois
2021-04-01,537158723,41969306,7.8,7067989,Illinois
2021-05-01,507279761,36554947,7.2,5854318,Illinois
2021-06-01,476517310,48187782,10.1,7684748,Illinois
2021-07-01,369134820,37292355,10.1,6058779,Illinois
2021-08-01,400359760,32717934,8.2,4321832,Illinois
2021-09-01,596455693,44579564,7.5,6450631,Illinois
2021-10-01,840440434,48316644,5.7,8459764,Illinois
2021-11-01,779853367,78227189,10,12693515,Illinois
2021-12-01,789600347,36677207,4.6,5436663,Illinois
2022-01-01,867505495,59343378,6.8,10687455,Illinois
2022-02-01,679374199,31074381,4.6,5720366,Illinois
2022-03-01,971278389,79421037,8.2,9758140,Illinois
2022-04-01,839386882,68234791,8.1,11321487,Illinois
2022-05-01,764591757,65214388,8.5,10838258,Illinois
2022-06-01,628459522,40981475,6.5,6576948,Illinois
2022-07-01,516414719,43849539,8.5,7392918,Illinois
2022-08-01,564837409,64628599,11.4,7694847,Illinois
2022-09-01,831805990,83533801,10,12559685,Illinois
2022-10-01,1029560184,91569752,8.9,16350363,Illinois
2022-11-01,1029615448,96937248,9.4,15581846,Illinois
2022-12-01,1028471257,81407470,7.9,13186151,Illinois
2023-01-01,1070033292,88552064,8.3,15410653,Illinois
2023-02-01,875387789,63297910,7.2,10967295,Illinois
2023-03-01,1072701361,107423414,10,15650984,Illinois
2023-04-01,898571938,81311927,9,14429201,Illinois
2023-05-01,821715719,91579820,11.1,14348947,Illinois
2023-06-01,665770747,52288208,7.9,8862040,Illinois
2023-07-01,611372472,61897923,10.1,9686791,Illinois
2023-08-01,676065425,58823721,8.7,7549895,Illinois
2023-09-01,1078339446,99829998,9.3,13855307,Illinois
2023-10-01,1161060707,104679506,9,18055019,Illinois
2023-11-01,1375398292,73297758,5.3,11666914,Illinois
2023-12-01,1314056821,126360303,9.6,20517094,Illinois
2024-01-01,1286243926,129511642,10.1,21642278,Illinois
2024-02-01,1070625059,77162218,7.2,13452317,Illinois
2024-03-01,1264532904,103814124,8.2,16006617,Illinois
2024-04-01,1103531944,88204662,8,14729668,Illinois
2024-05-01,1016698918,102530449,10.1,16218547,Illinois
2024-06-01,847966974,81322996,9.6,15341233,Illinois
2024-07-01,773703869,76250616,9.9,15002646,Illinois
2024-08-01,877957911,71288768,8.1,14274080,Illinois
2024-09-01,1305810953,134783665,10.3,38654748,Illinois
2024-10-01,1445844471,87961661,6.1,25365066,Illinois
2024-11-01,1532470270,155897761,10.2,49672743,Illinois
2024-12-01,1491297742,94638823,6.3,36137702,Illinois
2025-01-01,1473948072,147771970,10,54048214,Illinois
2025-02-01,1150508464,116066555,10.1,47116812,Illinois
2025-03-01,1494276828,100958351,6.8,34651940,Illinois
2025-04-01,1284273933,104909326,8.2,39842040,Illinois
2025-05-01,1274389414,120462049,9.5,45177872,Illinois
2025-06-01,950208606,109716218,11.5,42747622,Illinois
2019-09-01,35215418,8284862,23.5,813102,Indiana
2019-10-01,91697395,10629476,11.6,1096160,Indiana
2019-11-01,147276912,10593321,7.2,883363,Indiana
2019-12-01,161806795,12069287,7.5,1139147,Indiana
2020-01-01,171049250,12223222,7.1,1221796,Indiana
2020-02-01,187186221,10381954,5.5,1053811,Indiana
2020-03-01,74818801,5300191,7.1,522086,Indiana
2020-04-01,26304128,1629555,6.2,148189,Indiana
2020-05-01,37334940,3237031,8.7,302097,Indiana
2020-06-01,29783582,2543803,8.5,277600,Indiana
2020-07-01,70876622,4885514,6.9,644578,Indiana
2020-08-01,169018238,12601820,7.5,934314,Indiana
2020-09-01,207450106,11238265,5.4,1356952,Indiana
2020-10-01,230932251,25094814,10.9,2005347,Indiana
2020-11-01,251403994,25255641,10,2406175,Indiana
2020-12-01,313112473,22003606,7,2292472,Indiana
2021-01-01,348244676,31668178,9.1,2803021,Indiana
2021-02-01,273893073,15867143,5.8,1610811,Indiana
2021-03-01,316717762,27421008,8.7,2503311,Indiana
2021-04-01,236403308,19690320,8.3,1907522,Indiana
2021-05-01,254445226,18011339,7.1,1791053,Indiana
2021-06-01,246321671,26748803,10.9,2420541,Indiana
2021-07-01,194492669,17225036,8.9,1658052,Indiana
2021-08-01,215636824,16704438,7.7,1571080,Indiana
2021-09-01,355425184,33307106,9.4,3250964,Indiana
2021-10-01,461131242,27838472,6,2597357,Indiana
2021-11-01,463684739,47815377,10.3,4527177,Indiana
2021-12-01,463015613,26007133,5.6,2448195,Indiana
2022-01-01,500138648,29278177,5.9,3379560,Indiana
2022-02-01,409109104,22396131,5.5,1611037,Indiana
2022-03-01,476802783,32788454,6.9,3095106,Indiana
2022-04-01,360023255,27634092,7.7,2722456,Indiana
2022-05-01,308385687,31951466,10.4,2912607,Indiana
2022-06-01,256307260,15653583,6.1,1497766,Indiana
2022-07-01,206627688,20510071,9.9,1985587,Indiana
2022-08-01,237990176,25978248,10.9,2417586,Indiana
2022-09-01,382507090,50551749,13.2,4861450,Indiana
2022-10-01,446248394,46393925,10.4,4458595,Indiana
2022-11-01,452318954,40197276,8.9,3797331,Indiana
2022-12-01,431423176,43555139,10.1,4058864,Indiana
2023-01-01,427154794,35347154,8.3,3463540,Indiana
2023-02-01,356187759,28076424,7.9,2629963,Indiana
2023-03-01,433022775,43746469,10.1,4097409,Indiana
2023-04-01,321404737,29349149,9.1,2794279,Indiana
2023-05-01,283495510,33542239,11.8,3208916,Indiana
2023-06-01,224070050,19036099,8.5,1848269,Indiana
2023-07-01,203788074,23420740,11.5,2209488,Indiana
2023-08-01,238079855,23633486,9.9,2236234,Indiana
2023-09-01,404140702,40624361,10.1,3901903,Indiana
2023-10-01,429673063,46135347,10.7,4297088,Indiana
2023-11-01,513672424,26848975,5.2,2919257,Indiana
2023-12-01,503127765,54603323,10.9,4810719,Indiana
2024-01-01,480573358,53506698,11.1,5079594,Indiana
2024-02-01,408675534,37601071,9.2,3608431,Indiana
2024-03-01,500757257,37899471,7.6,3744875,Indiana
2024-04-01,393855317,39077679,9.9,3523226,Indiana
2024-05-01,361590148,38695260,10.7,3703601,Indiana
2024-06-01,298166251,30442289,10.2,2897586,Indiana
2024-07-01,261071808,29415902,11.3,2759651,Indiana
2024-08-01,307902881,29418190,9.6,3047576,Indiana
2024-09-01,483843656,55254534,11.4,5034784,Indiana
2024-10-01,537909435,35082061,6.5,3339581,Indiana
2024-11-01,614362613,68820755,11.2,6516195,Indiana
2024-12-01,563624406,29758090,5.3,2990506,Indiana
2025-01-01,538705450,57029654,10.6,5231271,Indiana
2025-02-01,432889381,47302722,10.9,4535783,Indiana
2025-03-01,553578453,34995596,6.3,3399998,Indiana
2025-04-01,437099849,41423026,9.5,3815677,Indiana
2025-05-01,433271506,42057323,9.7,4158899,Indiana
2025-06-01,351462412,46955926,13.4,4307413,Indiana
2025-07-01,284895674,34442080,12.1,3272467,Indiana
2025-08-01,361145386,45561700,12.6,4323729,Indiana
2019-08-01,8576341,2161807,25.2,145922,Iowa
2019-09-01,38545352,4959745,12.9,334783,Iowa
2019-10-01,46500331,5658131,12.2,381924,Iowa
2019-11-01,59344806,3599750,6.1,242983,Iowa
2019-12-01,59258838,2904257,4.9,196037,Iowa
2020-01-01,58027141,3232696,5.6,218349,Iowa
2020-02-01,56920783,755334,1.3,50985,Iowa
2020-03-01,19585711,1185888,6.1,80047,Iowa
2020-04-01,1568497,150331,9.6,10147,Iowa
2020-05-01,6976637,501062,7.2,33822,Iowa
2020-06-01,12711201,620740,4.9,41900,Iowa
2020-07-01,22859622,2244012,9.8,151471,Iowa
2020-08-01,50313674,3003903,6,202763,Iowa
2020-09-01,72397241,5167816,7.1,348828,Iowa
2020-10-01,81902416,9080995,11.1,612967,Iowa
2020-11-01,87169919,8144096,9.3,549726,Iowa
2020-12-01,104815630,7537004,7.2,508748,Iowa
2021-01-01,149524789,11343303,7.6,765673,Iowa
2021-02-01,143615170,7708148,5.4,520300,Iowa
2021-03-01,161439561,13454158,8.3,908156,Iowa
2021-04-01,118355535,7725272,6.5,521456,Iowa
2021-05-01,114882963,6133477,5.3,414010,Iowa
2021-06-01,111176671,8424699,7.6,568667,Iowa
2021-07-01,89960118,8112953,9,547624,Iowa
2021-08-01,109149917,7327163,6.7,494584,Iowa
2021-09-01,216116399,11135516,5.2,751647,Iowa
2021-10-01,285532771,10840968,3.8,731765,Iowa
2021-11-01,287436570,19935558,6.9,1345650,Iowa
2021-12-01,266518049,13371197,5,902556,Iowa
2022-01-01,303327688,14269557,4.7,963195,Iowa
2022-02-01,215921313,8579100,4,579089,Iowa
2022-03-01,233525474,14411046,6.2,972746,Iowa
2022-04-01,177370317,12398243,7,836881,Iowa
2022-05-01,147913284,12630387,8.5,852551,Iowa
2022-06-01,122437950,6568678,5.4,443386,Iowa
2022-07-01,108556796,11173191,10.3,754190,Iowa
2022-08-01,122568313,14418923,11.8,973277,Iowa
2022-09-01,200230741,25417557,12.7,1715685,Iowa
2022-10-01,238788234,19137523,8,1291783,Iowa
2022-11-01,247476284,5802261,2.3,391653,Iowa
2022-12-01,229949570,20745524,9,1400323,Iowa
2023-01-01,233619612,16543361,7.1,1116677,Iowa
2023-02-01,193879638,11871156,6.1,802488,Iowa
2023-03-01,232614150,19857210,8.5,1340355,Iowa
2023-04-01,172589394,14117868,8.2,953605,Iowa
2023-05-01,147715126,16599871,11.2,1122711,Iowa
2023-06-01,115595593,7131173,6.2,482852,Iowa
2023-07-01,109680895,10568989,9.6,715638,Iowa
2023-08-01,141295039,13507280,9.6,913527,Iowa
2023-09-01,245759020,24059083,9.8,1625305,Iowa
2023-10-01,255293522,24189825,9.5,1632804,Iowa
2023-11-01,289698466,14090776,4.9,952539,Iowa
2023-12-01,282723930,26251213,9.3,1774335,Iowa
2024-01-01,259468795,22064697,8.5,1487626,Iowa
2024-02-01,220583732,13608943,6.2,920400,Iowa
2024-03-01,272366214,18194914,6.7,1235155,Iowa
2024-04-01,209522911,16527342,7.9,1120126,Iowa
2024-05-01,182461326,16697596,9.2,1130475,Iowa
2024-06-01,146682918,12494103,8.5,845443,Iowa
2024-07-01,138136616,13880200,10,936914,Iowa
2024-08-01,166987544,15755187,9.4,1063475,Iowa
2024-09-01,270853308,27459491,10.1,1853516,Iowa
2024-10-01,294931669,18443864,6.3,1244961,Iowa
2024-11-01,315221241,30069720,9.5,2029706,Iowa
2024-12-01,293123307,13286724,4.5,896854,Iowa
2025-01-01,289730209,26188816,9,1767745,Iowa
2025-02-01,216451614,21272944,9.8,1435924,Iowa
2025-03-01,287826745,15749320,5.5,1063079,Iowa
2025-04-01,215555373,18757824,8.7,1266153,Iowa
2025-05-01,202573365,20059489,9.9,1354015,Iowa
2025-06-01,168169130,19210711,11.4,1296723,Iowa
2025-07-01,146718572,17995577,12.3,1214701,Iowa
2025-08-01,181612625,22069518,12.2,1489692,Iowa
2022-09-01,160527371,22014698,13.7,129618,Kansas
2022-10-01,189919311,18582842,9.8,141088,Kansas
2022-11-01,186353708,19073128,10.2,795784,Kansas
2022-12-01,181977180,16835233,9.3,1026140,Kansas
2023-01-01,206060734,15105189,7.3,598745,Kansas
2023-02-01,194034469,-845377,-0.4,1134,Kansas
2023-03-01,206287094,20975191,10.2,911159,Kansas
2023-04-01,132981289,14636899,11,919720,Kansas
2023-05-01,120323444,14550824,12.1,887390,Kansas
2023-06-01,98125865,8195048,8.4,409425,Kansas
2023-07-01,79715016,9644263,12.1,683176,Kansas
2023-08-01,94415479,7662828,8.1,484366,Kansas
2023-09-01,219293493,18155498,8.3,806097,Kansas
2023-10-01,249711810,25404712,10.2,1437030,Kansas
2023-11-01,260937284,18017353,6.9,892968,Kansas
2023-12-01,259678435,30913033,11.9,2005261,Kansas
2024-01-01,239618587,20864472,8.7,1433272,Kansas
2024-02-01,203046644,8463732,4.2,305494,Kansas
2024-03-01,252901770,16760995,6.6,714697,Kansas
2024-04-01,192085924,17890802,9.3,1040396,Kansas
2024-05-01,172204880,17210244,10,976764,Kansas
2024-06-01,140102333,14518082,10.4,936385,Kansas
2024-07-01,122040797,13443364,11,919947,Kansas
2024-08-01,146975336,10581830,7.2,657288,Kansas
2024-09-01,248870846,34077993,13.7,1831387,Kansas
2024-10-01,275916403,12970435,4.7,498355,Kansas
2024-11-01,290968780,34755047,11.9,2552778,Kansas
2024-12-01,261279556,15197061,5.8,878610,Kansas
2025-01-01,301837632,28162001,9.3,1615836,Kansas
2025-02-01,216186512,34977452,16.2,2394014,Kansas
2025-03-01,248409034,15324367,6.2,803031,Kansas
2025-04-01,208813092,20404281,9.8,1317499,Kansas
2025-05-01,199709373,22950705,11.5,1895140,Kansas
2025-06-01,185151157,21683264,11.7,1724859,Kansas
2025-07-01,173872673,13076056,7.5,1049429,Kansas
2023-09-01,45519529,2672336,5.9,321966,Kentucky
2023-10-01,295088668,54341931,18.4,7616625,Kentucky
2023-11-01,281189728,22448055,8,3088163,Kentucky
2023-12-01,263666578,32281926,12.2,4463311,Kentucky
2024-01-01,245604391,35967751,14.6,4992513,Kentucky
2024-02-01,199449415,19491642,9.8,2703511,Kentucky
2024-03-01,256246092,22107013,8.6,3036740,Kentucky
2024-04-01,187913248,23299806,12.4,3232441,Kentucky
2024-05-01,181351570,21603055,11.9,2985052,Kentucky
2024-06-01,150313715,15766956,10.5,2169707,Kentucky
2024-07-01,129270001,15431176,11.9,2134875,Kentucky
2024-08-01,151409420,12143827,8,1666257,Kentucky
2024-09-01,255863414,34241491,13.4,4747314,Kentucky
2024-10-01,274928954,21140573,7.7,2988347,Kentucky
2024-11-01,301740758,36629991,12.1,5046384,Kentucky
2024-12-01,293022542,20245509,6.9,2916545,Kentucky
2025-01-01,277120575,33638951,12.1,4683071,Kentucky
2025-02-01,224733400,29873955,13.3,4152284,Kentucky
2025-03-01,293176264,20161754,6.9,2740108,Kentucky
2025-04-01,219760442,24242438,11,3360318,Kentucky
2025-05-01,209561146,26211739,12.5,3524900,Kentucky
2025-06-01,174823576,23024926,13.2,3197132,Kentucky
2025-07-01,161423832,17685241,11,2438300,Kentucky
2021-11-01,27871038,5685706,20.4,568571,Louisiana
2021-12-01,39517545,4380700,11.1,438070,Louisiana
2022-01-01,89757060,7992540,8.9,533259,Louisiana
2022-02-01,238413596,27316419,11.5,2421541,Louisiana
2022-03-01,232730341,30943063,13.3,3413595,Louisiana
2022-04-01,208255060,6140843,2.9,2573658,Louisiana
2022-05-01,171135819,25691302,15,2663220,Louisiana
2022-06-01,132438215,10891261,8.2,1424413,Louisiana
2022-07-01,118522225,20980159,17.7,2442246,Louisiana
2022-08-01,128251857,9587258,7.5,1775179,Louisiana
2022-09-01,203807226,33390478,16.4,4040335,Louisiana
2022-10-01,255805485,30776126,12,4308649,Louisiana
2022-11-01,268638967,-25313281,-9.4,4244196,Louisiana
2022-12-01,254753433,37296799,14.6,4365471,Louisiana
2023-01-01,282269901,35728478,12.7,3330035,Louisiana
2023-02-01,197709561,23295088,11.8,2554375,Louisiana
2023-03-01,249280628,32319508,13,3590725,Louisiana
2023-04-01,209746932,23415190,11.2,2945211,Louisiana
2023-05-01,195123855,29860212,15.3,3579595,Louisiana
2023-06-01,160083233,13981060,8.7,1697439,Louisiana
2023-07-01,134757491,18282477,13.6,2185154,Louisiana
2023-08-01,153933704,18137683,11.8,2109829,Louisiana
2023-09-01,280093549,43143474,15.4,5318554,Louisiana
2023-10-01,308613008,43338752,14,5319894,Louisiana
2023-11-01,356479622,29304005,8.2,3245327,Louisiana
2023-12-01,377046556,56520231,15,7590704,Louisiana
2024-01-01,346320907,52696465,15.2,5681508,Louisiana
2024-02-01,274775955,31152229,11.3,3765778,Louisiana
2024-03-01,350006557,37700995,10.8,4910457,Louisiana
2024-04-01,283059884,40367859,14.3,5387113,Louisiana
2024-05-01,256659997,34711724,13.5,5767757,Louisiana
2024-06-01,212056544,27221159,12.8,3850037,Louisiana
2024-07-01,184543537,25033903,13.6,3511412,Louisiana
2024-08-01,234512847,27073503,11.5,3698568,Louisiana
2024-09-01,351679502,55224101,15.7,7642906,Louisiana
2024-10-01,401847954,42817957,10.7,6231188,Louisiana
2024-11-01,413465532,58209106,14.1,8175472,Louisiana
2024-12-01,390727667,35204850,9,6441847,Louisiana
2025-01-01,382873920,53668017,14,5923633,Louisiana
2025-02-01,381244368,53876140,14.1,7034948,Louisiana
2025-03-01,386427937,31796443,8.2,4086575,Louisiana
2025-04-01,343838482,40667102,11.8,5833885,Louisiana
2025-05-01,300668112,47515425,15.8,6715422,Louisiana
2025-06-01,245347399,33573477,13.7,4745648,Louisiana
2025-07-01,226678137,32610110,14.4,4652203,Louisiana
2023-11-01,37467976,4586743,12.2,464151,Maine
2023-12-01,44354459,4353944,9.8,437884,Maine
2024-01-01,38010991,5430666,14.3,546149,Maine
2024-02-01,33610150,4220952,12.6,425602,Maine
2024-03-01,47407405,2672964,5.6,270607,Maine
2024-04-01,38203545,4063250,10.6,414356,Maine
2024-05-01,39649761,3174572,8,331278,Maine
2024-06-01,39123547,3137935,8,342513,Maine
2024-07-01,41909343,5283156,12.6,603284,Maine
2024-08-01,35342087,3364627,9.5,355576,Maine
2024-09-01,51376494,6483745,12.6,664355,Maine
2024-10-01,51881731,3771980,7.3,378254,Maine
2024-11-01,51280750,7878434,15.4,790413,Maine
2024-12-01,52244023,3973509,7.6,396313,Maine
2025-01-01,50253633,6990187,13.9,698264,Maine
2025-02-01,41037515,5227371,12.7,525022,Maine
2025-03-01,48860790,4113135,8.4,414802,Maine
2025-04-01,45960567,5448560,11.9,555116,Maine
2025-05-01,39947302,5066265,12.7,515166,Maine
2025-06-01,34331407,4388816,12.8,446044,Maine
2025-07-01,36393558,3413284,9.4,356337,Maine
2025-08-01,45686606,4996648,10.9,514262,Maine
2021-12-01,16552430,3170001,19.2,469297,Maryland
2022-01-01,32530831,4375316,13.4,644098,Maryland
2022-02-01,25526148,955377,3.7,134628,Maryland
2022-03-01,31025892,3927573,12.7,577019,Maryland
2022-04-01,26908845,2838501,10.5,415801,Maryland
2022-05-01,23095542,3077031,13.3,452897,Maryland
2022-06-01,19121331,1309834,6.9,189323,Maryland
2022-07-01,15492757,2026548,13.1,298177,Maryland
2022-08-01,18650802,3231851,17.3,477840,Maryland
2022-09-01,31376072,6639776,21.2,984308,Maryland
2022-10-01,39663586,5309436,13.4,781642,Maryland
2022-11-01,219071373,30620539,14,704728,Maryland
2022-12-01,497121655,85168804,17.1,440043,Maryland
2023-01-01,441481779,59601405,13.5,2114614,Maryland
2023-02-01,339421546,40214644,11.8,2796881,Maryland
2023-03-01,385967195,47548314,12.3,5310057,Maryland
2023-04-01,328454398,35644586,10.9,3864686,Maryland
2023-05-01,320199671,42742217,13.3,4650712,Maryland
2023-06-01,254476790,27077118,10.6,2835051,Maryland
2023-07-01,247412348,28114521,11.4,3312633,Maryland
2023-08-01,263729559,24900638,9.4,2555670,Maryland
2023-09-01,442450665,45575923,10.3,3231428,Maryland
2023-10-01,483147391,58701910,12.1,5812246,Maryland
2023-11-01,550716329,41628982,7.6,3199529,Maryland
2023-12-01,559865463,62330932,11.1,6482403,Maryland
2024-01-01,544971369,80000651,14.7,8246847,Maryland
2024-02-01,442557658,43445464,9.8,4210511,Maryland
2024-03-01,536730427,45104095,8.4,4853986,Maryland
2024-04-01,486319123,50420705,10.4,5686446,Maryland
2024-05-01,431528137,51065131,11.8,6991255,Maryland
2024-06-01,384687981,39668882,10.3,5728503,Maryland
2024-07-01,333269669,43764979,13.1,6254056,Maryland
2024-08-01,377381689,39249994,10.4,5584303,Maryland
2024-09-01,532866676,65431799,12.3,9379598,Maryland
2024-10-01,593105471,49601687,8.4,7049747,Maryland
2024-11-01,639867400,82338595,12.9,11798035,Maryland
2024-12-01,637301167,45622988,7.2,6510765,Maryland
2025-01-01,618824226,82095604,13.3,8244612,Maryland
2025-02-01,475708504,59974564,12.6,6350174,Maryland
2025-03-01,588500308,47851962,8.1,4419403,Maryland
2025-04-01,513716232,59168444,11.5,6359834,Maryland
2025-05-01,504448189,66309912,13.1,7746363,Maryland
2025-06-01,403841872,57109738,14.1,9226682,Maryland
2025-07-01,364075296,44560773,12.2,7252318,Maryland
2025-08-01,434220458,52459100,12.1,9039368,Maryland
2023-01-01,642630,65076,10.1,9718,Massachusetts
2023-02-01,24979240,1486743,6,202660,Massachusetts
2023-03-01,584520728,48321254,8.3,9345767,Massachusetts
2023-04-01,574829883,60509931,10.5,11799200,Massachusetts
2023-05-01,457140440,62096790,13.6,12120400,Massachusetts
2023-06-01,332312764,32918844,9.9,6409217,Massachusetts
2023-07-01,296640882,30132704,10.2,5842263,Massachusetts
2023-08-01,320736344,23533469,7.3,4532848,Massachusetts
2023-09-01,519792909,51033638,9.8,9898638,Massachusetts
2023-10-01,567177959,60715050,10.7,11817541,Massachusetts
2023-11-01,654894685,50551441,7.7,9770946,Massachusetts
2023-12-01,655598548,62161918,9.5,12045361,Massachusetts
2024-01-01,650279922,72718241,11.2,14165765,Massachusetts
2024-02-01,538839465,53857610,10,10514395,Massachusetts
2024-03-01,658740411,47840152,7.3,9208587,Massachusetts
2024-04-01,601732077,51131274,8.5,9918583,Massachusetts
2024-05-01,587433477,59025991,10,11485181,Massachusetts
2024-06-01,505365090,42427413,8.4,8232157,Massachusetts
2024-07-01,414278424,42232314,10.2,8180118,Massachusetts
2024-08-01,453078241,34500602,7.6,6646701,Massachusetts
2024-09-01,679185062,75371722,11.1,14635557,Massachusetts
2024-10-01,751665344,50321644,6.7,9659885,Massachusetts
2024-11-01,779193225,82589650,10.6,16049678,Massachusetts
2024-12-01,784218035,59418827,7.6,11499381,Massachusetts
2025-01-01,762349450,96372001,12.6,18836029,Massachusetts
2025-02-01,622888989,67108767,10.8,13103806,Massachusetts
2025-03-01,775092727,54246757,7,10410483,Massachusetts
2025-04-01,688062638,67625682,9.8,13163929,Massachusetts
2025-05-01,655362561,82479454,12.6,16104935,Massachusetts
2025-06-01,529760307,63455206,12,12386337,Massachusetts
2025-07-01,491542714,49227738,10,9577074,Massachusetts
2020-03-01,593956,105548,17.8,8866,Michigan
2020-04-01,0,0,NA,0,Michigan
2020-05-01,0,0,NA,0,Michigan
2020-06-01,0,0,NA,0,Michigan
2020-07-01,0,0,NA,0,Michigan
2020-08-01,15744256,1977052,12.6,166072,Michigan
2020-09-01,33503929,4376407,13.1,367618,Michigan
2020-10-01,46120824,7596972,16.5,638146,Michigan
2020-11-01,25080140,2337638,9.3,196362,Michigan
2020-12-01,9720393,1883240,19.4,158192,Michigan
2021-01-01,150849896,17423564,11.6,517022,Michigan
2021-02-01,325569037,9395302,2.9,242185,Michigan
2021-03-01,383691892,35238593,9.2,1111886,Michigan
2021-04-01,274212630,21922961,8,629336,Michigan
2021-05-01,257748035,21228714,8.2,1140664,Michigan
2021-06-01,259504202,27244793,10.5,1638701,Michigan
2021-07-01,206267088,20766255,10.1,1241237,Michigan
2021-08-01,208565955,17536332,8.4,896007,Michigan
2021-09-01,386780231,27135351,7,981126,Michigan
2021-10-01,497565425,26947289,5.4,1129191,Michigan
2021-11-01,500521376,58762835,11.7,2893243,Michigan
2021-12-01,514630536,35920227,7,1208065,Michigan
2022-01-01,532681710,36647758,6.9,2135046,Michigan
2022-02-01,423768381,21633471,5.1,581548,Michigan
2022-03-01,477967947,32445133,6.8,1466772,Michigan
2022-04-01,396009819,32630491,8.2,1696097,Michigan
2022-05-01,356130390,35920231,10.1,1992223,Michigan
2022-06-01,292389429,15826610,5.4,569834,Michigan
2022-07-01,224966256,22874582,10.2,1307287,Michigan
2022-08-01,229797476,25654849,11.2,1490223,Michigan
2022-09-01,383102602,50442748,13.2,2601351,Michigan
2022-10-01,504336507,51362299,10.2,2972271,Michigan
2022-11-01,498118043,42758230,8.6,2494635,Michigan
2022-12-01,494820409,50450735,10.2,2827280,Michigan
2023-01-01,490904822,33785629,6.9,1727227,Michigan
2023-02-01,357161200,23134728,6.5,959332,Michigan
2023-03-01,421666037,46016812,10.9,2900149,Michigan
2023-04-01,338127853,36275215,10.7,2403415,Michigan
2023-05-01,305275755,36125966,11.8,2152149,Michigan
2023-06-01,235996767,17928415,7.6,858495,Michigan
2023-07-01,208808123,22985461,11,1529187,Michigan
2023-08-01,228495763,23480419,10.3,1472826,Michigan
2023-09-01,475772391,45606094,9.6,1853777,Michigan
2023-10-01,551127024,46135708,8.4,2537783,Michigan
2023-11-01,584142443,37043266,6.3,1180415,Michigan
2023-12-01,613425699,65920318,10.7,4021700,Michigan
2024-01-01,601585142,48197778,8,2026498,Michigan
2024-02-01,415816758,30361417,7.3,1289879,Michigan
2024-03-01,497622752,43534858,8.7,2466112,Michigan
2024-04-01,414426339,43437160,10.5,2616238,Michigan
2024-05-01,354836011,42766351,12.1,2597165,Michigan
2024-06-01,285170266,31802442,11.2,1598793,Michigan
2024-07-01,256764457,29041633,11.3,1449451,Michigan
2024-08-01,289680651,29053190,10,1303865,Michigan
2024-09-01,523776650,59216535,11.3,2029809,Michigan
2024-10-01,582611718,32209323,5.5,907667,Michigan
2024-11-01,671219907,60207253,9,2673011,Michigan
2024-12-01,617500845,20486082,3.3,250497,Michigan
2025-01-01,574628174,85560634,14.9,4344539,Michigan
2025-02-01,388079420,46811512,12.1,2235236,Michigan
2025-03-01,487163311,33549825,6.9,1204008,Michigan
2025-04-01,426993695,42958991,10.1,1958998,Michigan
2025-05-01,395296514,51245146,13,2758483,Michigan
2025-06-01,309922493,45289962,14.6,2401925,Michigan
2025-07-01,288488356,35116688,12.2,1848982,Michigan
2025-08-01,345619335,50512970,14.6,2756108,Michigan
2018-08-01,7696051,645057,8.4,77407,Mississippi
2018-09-01,31770270,5503793,17.3,660455,Mississippi
2018-10-01,32837334,1178343,3.6,141401,Mississippi
2018-11-01,44499883,1674250,3.8,200910,Mississippi
2018-12-01,41762048,6174224,14.8,740907,Mississippi
2019-01-01,35190774,2793238,7.9,335189,Mississippi
2019-02-01,25148135,2756439,11,330773,Mississippi
2019-03-01,32421264,4898726,15.1,587847,Mississippi
2019-04-01,19188763,2057834,10.7,246940,Mississippi
2019-05-01,17438288,1191967,6.8,143036,Mississippi
2019-06-01,15190666,1625113,10.7,195014,Mississippi
2019-07-01,13383383,1053776,7.9,126453,Mississippi
2019-08-01,19876370,2884348,14.5,346122,Mississippi
2019-09-01,37870989,5631583,14.9,675790,Mississippi
2019-10-01,48019481,12295357,25.6,1475443,Mississippi
2019-11-01,56369036,3784071,6.7,454088,Mississippi
2019-12-01,49076433,3478919,7.1,417470,Mississippi
2020-01-01,45190371,4637967,10.3,556556,Mississippi
2020-02-01,34462822,2105780,6.1,252694,Mississippi
2020-03-01,10749403,648647,6,77838,Mississippi
2020-04-01,0,0,NA,0,Mississippi
2020-05-01,236503,87697,37.1,10524,Mississippi
2020-06-01,1575859,-62231,-3.9,-7468,Mississippi
2020-07-01,7916665,1335763,16.9,160292,Mississippi
2020-08-01,40489135,3748732,9.3,449848,Mississippi
2020-09-01,52220289,6598931,12.6,791872,Mississippi
2020-10-01,61192425,8769600,14.3,1052352,Mississippi
2020-11-01,54443370,8108102,14.9,972972,Mississippi
2020-12-01,55298807,7762542,14,931505,Mississippi
2021-01-01,67707628,9114483,13.5,1093738,Mississippi
2021-02-01,47807574,4606840,9.6,552821,Mississippi
2021-03-01,50546886,5237031,10.4,628444,Mississippi
2021-04-01,32917836,4300968,13.1,516116,Mississippi
2021-05-01,36125896,3888299,10.8,466596,Mississippi
2021-06-01,43099180,3194317,7.4,383318,Mississippi
2021-07-01,30659426,2887695,9.4,346523,Mississippi
2021-08-01,21436948,1886405,8.8,226369,Mississippi
2021-09-01,54835753,8846121,16.1,1061535,Mississippi
2021-10-01,83527015,9146353,11,1097562,Mississippi
2021-11-01,60582141,9520846,15.7,1142502,Mississippi
2021-12-01,56839743,3238730,5.7,388648,Mississippi
2022-01-01,66523295,6521389,9.8,782567,Mississippi
2022-02-01,40871618,1887995,4.6,226559,Mississippi
2022-03-01,47523073,3965723,8.3,475887,Mississippi
2022-04-01,35503585,4209290,11.9,505115,Mississippi
2022-05-01,29233786,4006359,13.7,480763,Mississippi
2022-06-01,25096238,2082091,8.3,249851,Mississippi
2022-07-01,18296341,2527212,13.8,303265,Mississippi
2022-08-01,21234898,2687465,12.7,322496,Mississippi
2022-09-01,43139311,8779943,20.4,1053593,Mississippi
2022-10-01,56199189,7687183,13.7,922462,Mississippi
2022-11-01,73605361,5087585,6.9,610510,Mississippi
2022-12-01,74358933,11297381,15.2,1355686,Mississippi
2023-01-01,57223251,5117380,8.9,614086,Mississippi
2023-02-01,39807504,3143541,7.9,377225,Mississippi
2023-03-01,46689392,4953171,10.6,594381,Mississippi
2023-04-01,31805004,4347138,13.7,521657,Mississippi
2023-05-01,26761691,3180953,11.9,381714,Mississippi
2023-06-01,20414902,1848676,9.1,221841,Mississippi
2023-07-01,17728739,2463671,13.9,295641,Mississippi
2023-08-01,21392231,2691244,12.6,322949,Mississippi
2023-09-01,51647915,8144028,15.8,977283,Mississippi
2023-10-01,49503679,7344506,14.8,881341,Mississippi
2023-11-01,62412735,3103061,5,372367,Mississippi
2023-12-01,48888089,4886771,10,586413,Mississippi
2024-01-01,57223251,5117380,8.9,614086,Mississippi
2024-02-01,31374402,2297096,7.3,275652,Mississippi
2024-03-01,44536548,3362903,7.6,403548,Mississippi
2024-04-01,34259933,3123104,9.1,374772,Mississippi
2024-05-01,27005663,2058986,7.6,247078,Mississippi
2024-06-01,19373328,1942407,10,233089,Mississippi
2024-07-01,13919354,1876206,13.5,225145,Mississippi
2024-08-01,22634557,3184653,14.1,382158,Mississippi
2024-09-01,51767998,7043852,13.6,845262,Mississippi
2024-10-01,48581329,2864365,5.9,343724,Mississippi
2024-11-01,57887406,8048596,13.9,965832,Mississippi
2024-12-01,56437278,-871100,-1.5,-104532,Mississippi
2025-01-01,42524280,5083475,12,610017,Mississippi
2025-02-01,30544101,1294775,4.2,155373,Mississippi
2025-03-01,34455293,1910770,5.5,229292,Mississippi
2025-04-01,24940446,3689186,14.8,442702,Mississippi
2025-05-01,22587837,3412048,15.1,409446,Mississippi
2025-06-01,18173188,2745322,15.1,329439,Mississippi
2025-07-01,15036553,2625779,17.5,315093,Mississippi
2025-08-01,21905770,3804858,17.4,456583,Mississippi
2020-03-01,8051,3130,38.9,1395,Montana
2020-04-01,434,-289,-66.6,-199,Montana
2020-05-01,113283,30502,26.9,11504,Montana
2020-06-01,346600,68714,19.8,20433,Montana
2020-07-01,1554924,170766,11,9164,Montana
2020-08-01,2606465,240986,9.2,-11797,Montana
2020-09-01,2452736,303394,12.4,34872,Montana
2020-10-01,2935271,491142,16.7,118569,Montana
2020-11-01,3184529,465183,14.6,88038,Montana
2020-12-01,5568187,594935,10.7,22870,Montana
2021-01-01,5142569,486975,9.5,-16369,Montana
2021-02-01,3863473,309201,8,-46288,Montana
2021-03-01,4411507,652401,14.8,126750,Montana
2021-04-01,3253865,501413,15.4,105616,Montana
2021-05-01,3981680,496740,12.5,59143,Montana
2021-06-01,3700999,385441,10.4,9205,Montana
2021-07-01,2629806,446624,17,110186,Montana
2021-08-01,3349655,475519,14.2,84332,Montana
2021-09-01,3023972,561587,18.6,155514,Montana
2021-10-01,4404020,568817,12.9,77049,Montana
2021-11-01,4531859,879240,19.4,255632,Montana
2021-12-01,4922327,642265,13,90020,Montana
2022-01-01,5117844,669464,13.1,94608,Montana
2022-02-01,3631705,705841,19.4,205602,Montana
2022-03-01,3981218,671606,16.9,164091,Montana
2022-04-01,3243425,389693,12,39210,Montana
2022-05-01,3236702,382130,11.8,35076,Montana
2022-06-01,2911455,274694,9.4,-9871,Montana
2022-07-01,2560000,274000,10.7,10800,Montana
2022-08-01,2975100,440591,14.8,85849,Montana
2022-09-01,4940321,975542,19.7,288906,Montana
2022-10-01,5319627,681222,12.8,89556,Montana
2022-11-01,5782523,777488,13.4,119541,Montana
2022-12-01,7218595,931178,12.9,125591,Montana
2023-01-01,7139581,979495,13.7,159322,Montana
2023-02-01,4366807,560668,12.8,74392,Montana
2023-03-01,5784045,925542,16,208283,Montana
2023-04-01,5201964,633005,12.2,67685,Montana
2023-05-01,4457829,666686,15,132542,Montana
2023-06-01,3353974,282263,8.4,-31881,Montana
2023-07-01,2587209,560046,21.6,180795,Montana
2023-08-01,3221337,337442,10.5,9185,Montana
2023-09-01,6204965,676451,10.9,33573,Montana
2023-10-01,6787517,1102195,16.2,254066,Montana
2023-11-01,6996429,717423,10.3,10668,Montana
2023-12-01,6157163,1005395,16.3,233807,Montana
2024-01-01,5863499,852106,14.5,159454,Montana
2024-02-01,4702532,253229,5.4,-130215,Montana
2024-03-01,6588001,500562,7.6,-94943,Montana
2024-04-01,5486090,644653,11.8,57626,Montana
2024-05-01,4865206,599685,12.3,67899,Montana
2024-06-01,3880623,427612,11,23730,Montana
2024-07-01,2947631,567829,19.3,163840,Montana
2024-08-01,3782754,717347,19,203443,Montana
2024-09-01,6779010,893171,13.2,129162,Montana
2024-10-01,7590963,-26939,-0.4,-471621,Montana
2024-11-01,7427896,1593724,21.5,510561,Montana
2024-12-01,6555798,110041,1.7,-327323,Montana
2025-01-01,5750903,1289382,22.4,428575,Montana
2025-02-01,3743226,185247,4.9,-113445,Montana
2025-03-01,6200120,685026,11,39008,Montana
2025-04-01,6207185,759848,12.2,83478,Montana
2025-05-01,4981328,763059,15.3,158956,Montana
2025-06-01,3957691,1023494,25.9,376635,Montana
2025-07-01,3724170,617135,16.6,146831,Montana
2025-08-01,4510557,791342,17.5,204172,Montana
2023-06-01,5081,-508,-10,0,Nebraska
2023-07-01,821132,82113,10,16423,Nebraska
2023-08-01,1056513,105651,10,21130,Nebraska
2023-09-01,2476070,247606,10,49521,Nebraska
2023-10-01,3851746,385175,10,77035,Nebraska
2023-11-01,3251008,325100,10,65018,Nebraska
2023-12-01,6338108,633811,10,126761,Nebraska
2024-01-01,5269600,410236,7.8,93720,Nebraska
2024-02-01,2633123,133106,5.1,39643,Nebraska
2024-03-01,4524623,449533,9.9,90200,Nebraska
2024-04-01,3772023,377203,10,75441,Nebraska
2024-05-01,3405146,340515,10,68102,Nebraska
2024-06-01,3185329,318533,10,63707,Nebraska
2024-07-01,2480300,248030,10,49607,Nebraska
2024-08-01,2123480,175009,8.2,38736,Nebraska
2024-09-01,6977686,697769,10,139554,Nebraska
2024-10-01,4838033,483803,10,96761,Nebraska
2024-11-01,12055153,1205515,10,241103,Nebraska
2024-12-01,1713347,-125209,-7.3,4612,Nebraska
2025-01-01,8570534,857053,10,171410,Nebraska
2025-02-01,6060582,606058,10,121212,Nebraska
2025-03-01,3157366,315736,10,63148,Nebraska
2025-04-01,4962077,496208,10,99241,Nebraska
2025-05-01,8019784,801979,10,160396,Nebraska
2025-06-01,6670320,667033,10,133407,Nebraska
2025-07-01,4010424,401041,10,80209,Nebraska
2018-06-01,286282315,20172000,7,1361610,Nevada
2018-07-01,245109818,4061000,1.7,274118,Nevada
2018-08-01,247622046,12603000,5.1,850703,Nevada
2018-09-01,571371045,56304000,9.9,3800520,Nevada
2018-10-01,528086065,29547000,5.6,1994423,Nevada
2018-11-01,580693817,27136000,4.7,1831680,Nevada
2018-12-01,562133600,44106000,7.8,2977155,Nevada
2019-01-01,496689151,14626000,2.9,987255,Nevada
2019-02-01,458498365,35816000,7.8,2417580,Nevada
2019-03-01,597045387,32523000,5.4,2195303,Nevada
2019-04-01,328025447,21656000,6.6,1461780,Nevada
2019-05-01,317511432,11267000,3.5,760523,Nevada
2019-06-01,322050433,16588000,5.2,1119690,Nevada
2019-07-01,235961371,10534000,4.5,711045,Nevada
2019-08-01,287811624,18733000,6.5,1264478,Nevada
2019-09-01,546193707,52069000,9.5,3514658,Nevada
2019-10-01,543922446,47886000,8.8,3232305,Nevada
2019-11-01,614070720,31012000,5.1,2093310,Nevada
2019-12-01,571142557,36327000,6.4,2452073,Nevada
2020-01-01,502279982,20152000,4,1360260,Nevada
2020-02-01,491705606,38064000,7.7,2569320,Nevada
2020-03-01,141108201,1455000,1,98213,Nevada
2020-04-01,28131869,1334500,4.7,90079,Nevada
2020-05-01,28131869,1334500,4.7,90079,Nevada
2020-06-01,78152387,-483000,-0.6,-32602,Nevada
2020-07-01,163552030,6295000,3.8,424913,Nevada
2020-08-01,474948414,16985000,3.6,1146488,Nevada
2020-09-01,575144025,32895000,5.7,2220413,Nevada
2020-10-01,659899331,42388000,6.4,2861190,Nevada
2020-11-01,609376849,61807000,10.1,4171973,Nevada
2020-12-01,587056304,40573000,6.9,2738678,Nevada
2021-01-01,646491632,52381000,8.1,3535718,Nevada
2021-02-01,554058173,31846000,5.7,2149605,Nevada
2021-03-01,640984932,39346000,6.1,2655855,Nevada
2021-04-01,458251710,27210000,5.9,1836675,Nevada
2021-05-01,477191062,27079000,5.7,1827833,Nevada
2021-06-01,545367518,29186000,5.4,1970055,Nevada
2021-07-01,409659756,33278000,8.1,2246265,Nevada
2021-08-01,427425369,14342000,3.4,968085,Nevada
2021-09-01,786508562,54205000,6.9,3658838,Nevada
2021-10-01,1100712575,48312000,4.4,3261060,Nevada
2021-11-01,1086010454,71971000,6.6,4858043,Nevada
2021-12-01,1014986618,15960000,1.6,1077300,Nevada
2022-01-01,1034818801,49997000,4.8,3374798,Nevada
2022-02-01,780768853,30920000,4,2087100,Nevada
2022-03-01,863283921,36926000,4.3,2492505,Nevada
2022-04-01,582529725,25368000,4.4,1712340,Nevada
2022-05-01,562000848,26999000,4.8,1822433,Nevada
2022-06-01,490558644,23835000,4.9,1608863,Nevada
2022-07-01,419372311,18591000,4.4,1254893,Nevada
2022-08-01,408935554,16072000,3.9,1084860,Nevada
2022-09-01,760891578,70629000,9.3,4767458,Nevada
2022-10-01,920931244,56859000,6.2,3837983,Nevada
2022-11-01,929046456,37671000,4.1,2542793,Nevada
2022-12-01,880380248,55204000,6.3,3726270,Nevada
2023-01-01,935792553,50440000,5.4,3404700,Nevada
2023-02-01,659079542,41277000,6.3,2786198,Nevada
2023-03-01,829842964,43851000,5.3,2959943,Nevada
2023-04-01,598010327,32415000,5.4,2188013,Nevada
2023-05-01,527205770,30064000,5.7,2029320,Nevada
2023-06-01,479039381,9503000,2,641453,Nevada
2023-07-01,408261712,25256000,6.2,1704780,Nevada
2023-08-01,431597004,18101000,4.2,1221818,Nevada
2023-09-01,811353568,62297000,7.7,4205048,Nevada
2023-10-01,815650207,68111000,8.4,4597493,Nevada
2023-11-01,921619677,40992000,4.4,2766960,Nevada
2023-12-01,843985180,59090000,7,3988575,Nevada
2024-01-01,782980978,64739000,8.3,4369883,Nevada
2024-02-01,712628161,47910000,6.7,3233925,Nevada
2024-03-01,784568642,29762000,3.8,2008935,Nevada
2024-04-01,569327626,30792000,5.4,2078460,Nevada
2024-05-01,515290019,36027000,7,2431823,Nevada
2024-06-01,481245342,29809000,6.2,2012108,Nevada
2024-07-01,376042234,25787000,6.9,1740623,Nevada
2024-08-01,455229623,25025000,5.5,1689188,Nevada
2024-09-01,764493654,80856000,10.6,5457780,Nevada
2024-10-01,794909724,28930000,3.6,1952775,Nevada
2024-11-01,837874812,67529000,8.1,4558208,Nevada
2024-12-01,823644619,14954000,1.8,1009395,Nevada
2025-01-01,796959784,72594000,9.1,4900095,Nevada
2025-02-01,604311147,41307000,6.8,2788223,Nevada
2025-03-01,860915341,22259000,2.6,1502483,Nevada
2025-04-01,618836044,42571000,6.9,2873543,Nevada
2025-05-01,576812852,46716000,8.1,3153330,Nevada
2025-06-01,496609335,42059000,8.5,2838983,Nevada
2025-07-01,419360158,37824000,9,2553120,Nevada
2019-12-01,360726,44759,12.4,19403,New Hampshire
2020-01-01,16834974,1643793,9.8,719909,New Hampshire
2020-02-01,22130928,1359395,6.1,598884,New Hampshire
2020-03-01,8768769,818605,9.3,393834,New Hampshire
2020-04-01,3774668,262393,7,126090,New Hampshire
2020-05-01,7180450,424947,5.9,187743,New Hampshire
2020-06-01,8138772,691103,8.5,319833,New Hampshire
2020-07-01,11623208,1268688,10.9,602156,New Hampshire
2020-08-01,27496050,1367516,5,607909,New Hampshire
2020-09-01,41373620,2290364,5.5,990884,New Hampshire
2020-10-01,47055486,4203875,8.9,2001597,New Hampshire
2020-11-01,46523447,4770459,10.3,2323843,New Hampshire
2020-12-01,51649897,4537653,8.8,2137406,New Hampshire
2021-01-01,59795433,4197029,7,1886506,New Hampshire
2021-02-01,50995349,1787930,3.5,769387,New Hampshire
2021-03-01,55800096,4254732,7.6,1925260,New Hampshire
2021-04-01,46700713,3302340,7.1,1480847,New Hampshire
2021-05-01,42367380,3115230,7.4,1433622,New Hampshire
2021-06-01,39268179,3869773,9.9,1797118,New Hampshire
2021-07-01,36724166,3062545,8.3,1468578,New Hampshire
2021-08-01,36319740,1594235,4.4,723016,New Hampshire
2021-09-01,68123241,4420924,6.5,1887441,New Hampshire
2021-10-01,98191306,5409196,5.5,2560651,New Hampshire
2021-11-01,83168805,6172580,7.4,2926238,New Hampshire
2021-12-01,86444639,2641046,3.1,1140937,New Hampshire
2022-01-01,99540825,8029427,8.1,3875782,New Hampshire
2022-02-01,70866282,1019098,1.4,458353,New Hampshire
2022-03-01,78811441,5283248,6.7,2506863,New Hampshire
2022-04-01,73149079,3436446,4.7,1514431,New Hampshire
2022-05-01,76199157,5720931,7.5,2637599,New Hampshire
2022-06-01,53567757,4819197,9,2216742,New Hampshire
2022-07-01,42653152,4476145,10.5,2115043,New Hampshire
2022-08-01,43372007,4199240,9.7,1927109,New Hampshire
2022-09-01,78237751,7358206,9.4,3249389,New Hampshire
2022-10-01,91345018,9078684,9.9,4482595,New Hampshire
2022-11-01,93090530,4963601,5.3,2176120,New Hampshire
2022-12-01,90894581,8330161,9.2,3809372,New Hampshire
2023-01-01,97163182,12564448,12.9,5715688,New Hampshire
2023-02-01,86999460,7112918,8.2,3238963,New Hampshire
2023-03-01,103390747,4828031,4.7,2126879,New Hampshire
2023-04-01,65083883,6670481,10.2,2997574,New Hampshire
2023-05-01,52137614,7042469,13.5,3078160,New Hampshire
2023-06-01,39307739,4372429,11.1,1944484,New Hampshire
2023-07-01,36929342,3511866,9.5,1551250,New Hampshire
2023-08-01,38765940,3344211,8.6,1454175,New Hampshire
2023-09-01,66848811,6178362,9.2,2687999,New Hampshire
2023-10-01,77838540,8781951,11.3,3806755,New Hampshire
2023-11-01,78491464,8228924,10.5,3593339,New Hampshire
2023-12-01,78750681,7652564,9.7,3377024,New Hampshire
2024-01-01,73301559,9820633,13.4,4452042,New Hampshire
2024-02-01,62274731,6585297,10.6,2864800,New Hampshire
2024-03-01,72597059,5585067,7.7,2431041,New Hampshire
2024-04-01,59854282,5331763,8.9,2306465,New Hampshire
2024-05-01,58030362,6516847,11.2,2835815,New Hampshire
2024-06-01,49390844,5277087,10.7,2294205,New Hampshire
2024-07-01,48323804,3530238,7.3,1533618,New Hampshire
2024-08-01,49374544,3382540,6.9,1705782,New Hampshire
2024-09-01,72763323,9259141,12.7,3998068,New Hampshire
2024-10-01,79350927,5867086,7.4,2550018,New Hampshire
2024-11-01,87260891,10477103,12,4633499,New Hampshire
2024-12-01,80860363,7435524,9.2,3250223,New Hampshire
2025-01-01,78945312,11139731,14.1,4944910,New Hampshire
2025-02-01,63260876,8000193,12.6,3487741,New Hampshire
2025-03-01,77467758,6792080,8.8,2962111,New Hampshire
2025-04-01,68763478,7652632,11.1,3326445,New Hampshire
2025-05-01,61465858,8064113,13.1,3596561,New Hampshire
2025-06-01,50555000,6890532,13.6,2929436,New Hampshire
2025-07-01,47393114,5315372,11.2,2311388,New Hampshire
2018-06-01,16409619,3458668,21.1,337078,New Jersey
2018-07-01,40682237,3845879,9.5,377015,New Jersey
2018-08-01,95634048,9197827,9.6,1038072,New Jersey
2018-09-01,183948404,23775812,12.9,2883518,New Jersey
2018-10-01,260711301,11686117,4.5,1536283,New Jersey
2018-11-01,330748563,21243867,6.4,2743339,New Jersey
2018-12-01,319173548,20814223,6.5,2685956,New Jersey
2019-01-01,385279662,18777582,4.9,2530315,New Jersey
2019-02-01,320368087,12732738,4,1981251,New Jersey
2019-03-01,372451342,31669387,8.5,4020740,New Jersey
2019-04-01,313719562,21215748,6.8,2826247,New Jersey
2019-05-01,318940677,15536384,4.9,2137480,New Jersey
2019-06-01,273222975,9701926,3.6,1254851,New Jersey
2019-07-01,251371272,17884790,7.1,2364941,New Jersey
2019-08-01,293594862,25210342,8.6,3316918,New Jersey
2019-09-01,445563503,37955171,8.5,5028107,New Jersey
2019-10-01,487924504,46393537,9.5,6241133,New Jersey
2019-11-01,562675543,32895546,5.8,4457889,New Jersey
2019-12-01,557786161,29424884,5.3,4108749,New Jersey
2020-01-01,540113452,53561626,9.9,7261470,New Jersey
2020-02-01,494814107,17000928,3.4,2461238,New Jersey
2020-03-01,181908529,13181101,7.2,1897069,New Jersey
2020-04-01,54593092,2634050,4.8,390347,New Jersey
2020-05-01,117821281,9912062,8.4,1427101,New Jersey
2020-06-01,165014553,12639282,7.7,1811121,New Jersey
2020-07-01,315118805,29551986,9.4,4041649,New Jersey
2020-08-01,667979150,39507182,5.9,5413671,New Jersey
2020-09-01,748037246,45127763,6,6169023,New Jersey
2020-10-01,801196298,58403209,7.3,8166439,New Jersey
2020-11-01,930367718,50410546,5.4,6851928,New Jersey
2020-12-01,995567756,66301567,6.7,9091303,New Jersey
2021-01-01,957353407,82209293,8.6,11341542,New Jersey
2021-02-01,742849328,46222846,6.2,6367031,New Jersey
2021-03-01,857732524,60624773,7.1,8495171,New Jersey
2021-04-01,746810150,54711189,7.3,7452186,New Jersey
2021-05-01,813517681,52826372,6.5,7405859,New Jersey
2021-06-01,765665331,71134768,9.3,9620806,New Jersey
2021-07-01,576917625,54800465,9.5,7591288,New Jersey
2021-08-01,664675859,52023081,7.8,7329603,New Jersey
2021-09-01,1011114311,82280645,8.1,11212782,New Jersey
2021-10-01,1303198342,84311810,6.5,11661062,New Jersey
2021-11-01,1258189436,114788726,9.1,16038097,New Jersey
2021-12-01,1229561891,59047673,4.8,8221034,New Jersey
2022-01-01,1348860083,60195902,4.5,8774160,New Jersey
2022-02-01,985568313,30873369,3.1,4678782,New Jersey
2022-03-01,1120904954,66404370,5.9,9068529,New Jersey
2022-04-01,926946780,50345808,5.4,7055550,New Jersey
2022-05-01,766412352,61594016,8,8773059,New Jersey
2022-06-01,633184861,39245213,6.2,5404026,New Jersey
2022-07-01,531888333,45007343,8.5,6386976,New Jersey
2022-08-01,546774395,65272385,11.9,9138137,New Jersey
2022-09-01,866719412,97981122,11.3,13352085,New Jersey
2022-10-01,1060154535,77907041,7.3,10853450,New Jersey
2022-11-01,1101622966,80426931,7.3,11497129,New Jersey
2022-12-01,1055556994,87701471,8.3,12444016,New Jersey
2023-01-01,1082233033,72330439,6.7,10345867,New Jersey
2023-02-01,847405611,54621220,6.4,7808167,New Jersey
2023-03-01,1025779225,93039999,9.1,13083369,New Jersey
2023-04-01,833980925,72304036,8.7,10118510,New Jersey
2023-05-01,778854263,82165404,10.5,11496202,New Jersey
2023-06-01,591081897,66356838,11.2,9218174,New Jersey
2023-07-01,587019749,61013433,10.4,8467678,New Jersey
2023-08-01,725849450,96041019,13.2,13546446,New Jersey
2023-09-01,1299016274,111145385,8.6,15658931,New Jersey
2023-10-01,1293468722,92258295,7.1,12951849,New Jersey
2023-11-01,1623072184,95889050,5.9,13508016,New Jersey
2023-12-01,1284558956,109516484,8.5,15314259,New Jersey
2024-01-01,1719170088,170758334,9.9,24161228,New Jersey
2024-02-01,1081171835,67564386,6.2,9539850,New Jersey
2024-03-01,1329010828,89687971,6.7,12600303,New Jersey
2024-04-01,1044283588,106227937,10.2,15124636,New Jersey
2024-05-01,838946057,78750983,9.4,11354892,New Jersey
2024-06-01,748417965,60066927,8,8572940,New Jersey
2024-07-01,652275524,80027220,12.3,11324107,New Jersey
2024-08-01,698839707,62726713,9,8839082,New Jersey
2024-09-01,1089701413,119556334,11,16681410,New Jersey
2024-10-01,1131684366,77463400,6.8,10970345,New Jersey
2024-11-01,1224883112,118962664,9.7,16769526,New Jersey
2024-12-01,1215654736,62837741,5.2,8909155,New Jersey
2025-01-01,1152144676,122194865,10.6,17249213,New Jersey
2025-02-01,988882908,73558549,7.4,10445073,New Jersey
2025-03-01,1107191055,71344935,6.4,10016794,New Jersey
2025-04-01,994434816,90510496,9.1,12807597,New Jersey
2025-05-01,1010645865,102543773,10.1,14408824,New Jersey
2025-06-01,790415313,91858292,11.6,13071670,New Jersey
2025-07-01,663997770,74769434,11.3,15777894,New Jersey
2025-08-01,814312217,81901788,10.1,16903994,New Jersey
2019-07-01,1365470,349468,25.6,34947,New York
2019-08-01,4647958,828152,17.8,82815,New York
2019-09-01,13060944,2283864,17.5,228386,New York
2019-10-01,14852615,2233227,15,223323,New York
2019-11-01,17161294,1308295,7.6,130830,New York
2019-12-01,16872506,780417,4.6,78042,New York
2020-01-01,17169303,1943351,11.3,194335,New York
2020-02-01,12872999,-179592,-1.4,-17959,New York
2020-03-01,4186276,99514,2.4,9951,New York
2020-04-01,0,0,NA,0,New York
2020-05-01,0,0,NA,0,New York
2020-06-01,0,0,NA,0,New York
2020-07-01,0,0,NA,0,New York
2020-08-01,0,0,NA,0,New York
2020-09-01,10092604,1403544,13.9,140354,New York
2020-10-01,18107259,2623464,14.5,262346,New York
2020-11-01,17096321,2619676,15.3,261968,New York
2020-12-01,18584384,2258771,12.2,225877,New York
2021-01-01,20942309,3569855,17,356986,New York
2021-02-01,14018760,1153275,8.2,115327,New York
2021-03-01,16529015,1845684,11.2,184568,New York
2021-04-01,13537156,1322623,9.8,132262,New York
2021-05-01,14145742,1590113,11.2,159011,New York
2021-06-01,14239819,1858642,13.1,185864,New York
2021-07-01,9338107,1273621,13.6,127362,New York
2021-08-01,9153603,1080570,11.8,108057,New York
2021-09-01,17355781,3187045,18.4,318704,New York
2021-10-01,25567296,1718615,6.7,171861,New York
2021-11-01,21519094,3956491,18.4,395649,New York
2021-12-01,21129981,764615,3.6,76461,New York
2022-01-01,1686263898,123810126,7.3,63277984,New York
2022-02-01,1534078892,82149599,5.4,41995722,New York
2022-03-01,1644789691,114956204,7,58351263,New York
2022-04-01,1396791941,104535898,7.5,53151656,New York
2022-05-01,1269862570,110418075,8.7,56055234,New York
2022-06-01,1056694011,72441501,6.9,36936704,New York
2022-07-01,804966381,73880416,9.2,37449978,New York
2022-08-01,877407454,100760793,11.5,50912979,New York
2022-09-01,1265553629,145039867,11.5,73270471,New York
2022-10-01,1555051006,146845937,9.4,74403028,New York
2022-11-01,1564144672,149244901,9.5,75695441,New York
2022-12-01,1632469011,142969451,8.8,72422558,New York
2023-01-01,1799048366,149886749,8.3,76253908,New York
2023-02-01,1474299932,108470835,7.4,55242679,New York
2023-03-01,1792885345,163582116,9.1,83117519,New York
2023-04-01,1550014914,139265045,9,70842936,New York
2023-05-01,1363794316,152643135,11.2,77571580,New York
2023-06-01,1170989676,103956640,8.9,51883313,New York
2023-07-01,966555215,105510883,10.9,53655339,New York
2023-08-01,1118163959,99241793,8.9,50310977,New York
2023-09-01,1767913849,166834226,9.4,84563885,New York
2023-10-01,2017133484,167327704,8.3,84927344,New York
2023-11-01,2122331713,151291345,7.1,76999480,New York
2023-12-01,2053736710,189287146,9.2,96131764,New York
2024-01-01,1965468151,211706706,10.8,107887645,New York
2024-02-01,1779072192,131315621,7.4,67016794,New York
2024-03-01,1854674065,152553937,8.2,77451054,New York
2024-04-01,1969945755,184032347,9.3,93757818,New York
2024-05-01,1978317034,203760343,10.3,103748517,New York
2024-06-01,1477842947,134169779,9.1,68328721,New York
2024-07-01,1265934085,140856540,11.1,71620801,New York
2024-08-01,1440577943,125961724,8.7,63846496,New York
2024-09-01,2079869074,206067211,9.9,104538289,New York
2024-10-01,2329400446,176354954,7.6,89937732,New York
2024-11-01,2273599386,232209891,10.2,118164737,New York
2024-12-01,2289276065,150154372,6.6,76831465,New York
2025-01-01,2487676801,248001821,10,149118074,New York
2025-02-01,1979914659,184512125,9.3,94224398,New York
2025-03-01,2445290864,162142924,6.6,82567299,New York
2025-04-01,2158082654,192616928,8.9,98270967,New York
2025-05-01,2215450269,249312914,11.3,126983060,New York
2025-06-01,1653307478,207187606,12.5,105387929,New York
2025-07-01,1403671174,155878073,11.1,79367750,New York
2025-08-01,2047456609,178753563,8.7,90941636,New York
2021-03-01,0,0,NA,0,North Carolina
2021-04-01,0,0,NA,0,North Carolina
2021-05-01,0,0,NA,0,North Carolina
2021-06-01,0,0,NA,0,North Carolina
2021-07-01,0,0,NA,0,North Carolina
2021-08-01,0,0,NA,0,North Carolina
2021-09-01,0,0,NA,0,North Carolina
2021-10-01,0,0,NA,0,North Carolina
2021-11-01,0,0,NA,0,North Carolina
2021-12-01,0,0,NA,0,North Carolina
2022-01-01,0,0,NA,0,North Carolina
2022-02-01,0,0,NA,0,North Carolina
2022-03-01,0,0,NA,0,North Carolina
2022-04-01,0,0,NA,0,North Carolina
2022-05-01,0,0,NA,0,North Carolina
2022-06-01,0,0,NA,0,North Carolina
2022-07-01,0,0,NA,0,North Carolina
2022-08-01,0,0,NA,0,North Carolina
2022-09-01,0,0,NA,0,North Carolina
2022-10-01,0,0,NA,0,North Carolina
2022-11-01,0,0,NA,0,North Carolina
2022-12-01,0,0,NA,0,North Carolina
2023-01-01,0,0,NA,0,North Carolina
2023-02-01,0,0,NA,0,North Carolina
2023-03-01,0,0,NA,0,North Carolina
2023-04-01,0,0,NA,0,North Carolina
2023-05-01,0,0,NA,0,North Carolina
2023-06-01,0,0,NA,0,North Carolina
2023-07-01,0,0,NA,0,North Carolina
2023-08-01,0,0,NA,0,North Carolina
2023-09-01,0,0,NA,0,North Carolina
2023-10-01,0,0,NA,0,North Carolina
2023-11-01,0,0,NA,0,North Carolina
2023-12-01,0,0,NA,0,North Carolina
2024-01-01,0,0,NA,0,North Carolina
2024-02-01,0,0,NA,0,North Carolina
2024-03-01,657246516,66496213,10.1,9974433,North Carolina
2024-04-01,643653644,105251674,16.4,15787752,North Carolina
2024-05-01,521747983,63080346,12.1,9462053,North Carolina
2024-06-01,395044526,40302262,10.2,6045339,North Carolina
2024-07-01,337612217,42226012,12.5,7600686,North Carolina
2024-08-01,367458899,33751016,9.2,6075183,North Carolina
2024-09-01,571622319,70062729,12.3,12611330,North Carolina
2024-10-01,609304501,48659760,8,8758757,North Carolina
2024-11-01,654911448,78096644,11.9,14057587,North Carolina
2024-12-01,626606050,35716306,5.7,6429217,North Carolina
2025-01-01,643024306,74530133,11.6,13415422,North Carolina
2025-02-01,540852560,55658913,10.3,10018603,North Carolina
2025-03-01,681791403,38138715,5.6,6865264,North Carolina
2025-04-01,572116884,46801165,8.2,8424668,North Carolina
2025-05-01,558147846,65227119,11.7,11740881,North Carolina
2025-06-01,430254338,58071306,13.5,10452835,North Carolina
2025-07-01,367316957,22679995,6.2,4082400,North Carolina
2025-08-01,474711188,54110077,11.4,9739813,North Carolina
2023-01-01,1090962383,209588460,19.2,20960774,Ohio
2023-02-01,635426359,80948666,12.7,8105312,Ohio
2023-03-01,732913170,94818023,12.9,9485427,Ohio
2023-04-01,515184616,63250102,12.3,6332871,Ohio
2023-05-01,441711971,57826959,13.1,5787967,Ohio
2023-06-01,357571919,32623897,9.1,3277310,Ohio
2023-07-01,328811653,37273216,11.3,7466419,Ohio
2023-08-01,375076377,40786643,10.9,8175341,Ohio
2023-09-01,686244860,81639905,11.9,16375764,Ohio
2023-10-01,742945929,80385098,10.8,16148132,Ohio
2023-11-01,861170611,67855418,7.9,13650718,Ohio
2023-12-01,826100577,87235462,10.6,17486186,Ohio
2024-01-01,806149042,113367294,14.1,22697038,Ohio
2024-02-01,666845011,66374384,10,13549429,Ohio
2024-03-01,803788678,63854035,7.9,12804401,Ohio
2024-04-01,668027816,74028198,11.1,14813313,Ohio
2024-05-01,606573141,67365769,11.1,13506810,Ohio
2024-06-01,525612343,51266301,9.8,10270112,Ohio
2024-07-01,472192483,55164174,11.7,11077799,Ohio
2024-08-01,543269522,48651326,9,9771850,Ohio
2024-09-01,858027650,105759487,12.3,21261333,Ohio
2024-10-01,897309459,81274389,9.1,16330026,Ohio
2024-11-01,1020179162,117057365,11.5,23452805,Ohio
2024-12-01,958934701,55545006,5.8,11422397,Ohio
2025-01-01,1004746058,80237445,8,16242492,Ohio
2025-02-01,756587575,75312866,10,15131748,Ohio
2025-03-01,985822838,66528277,6.7,13313346,Ohio
2025-04-01,801066062,73761852,9.2,15021996,Ohio
2025-05-01,736365183,88948557,12.1,17794585,Ohio
2025-06-01,582419023,75036838,12.9,15333298,Ohio
2025-07-01,527891373,60271491,11.4,12051902,Ohio
2019-10-01,5605244,220396,3.9,110198,Oregon
2019-11-01,17115418,960713,5.6,480357,Oregon
2019-12-01,22551454,1743231,7.7,871616,Oregon
2020-01-01,21151594,1773805,8.4,886903,Oregon
2020-02-01,20899824,1481198,7.1,740599,Oregon
2020-03-01,9007678,937750,10.4,468875,Oregon
2020-04-01,4430649,392769,8.9,196385,Oregon
2020-05-01,7290190,598062,8.2,299031,Oregon
2020-06-01,7921865,777904,9.8,388952,Oregon
2020-07-01,14042424,1003039,7.1,501520,Oregon
2020-08-01,25845402,1662406,6.4,831203,Oregon
2020-09-01,26174305,1527244,5.8,763622,Oregon
2020-10-01,29455226,2751146,9.3,1375573,Oregon
2020-11-01,25039883,4116313,16.4,2058157,Oregon
2020-12-01,26987301,3050783,11.3,1525392,Oregon
2021-01-01,34935889,3872606,11.1,1936303,Oregon
2021-02-01,29600150,2684776,9.1,1342388,Oregon
2021-03-01,24054959,1374379,5.7,687190,Oregon
2021-04-01,25323060,2729278,10.8,1364639,Oregon
2021-05-01,27780213,2350289,8.5,1175145,Oregon
2021-06-01,24903118,2841767,11.4,1420884,Oregon
2021-07-01,18189572,2173573,11.9,1086787,Oregon
2021-08-01,17686201,1063136,6,531568,Oregon
2021-09-01,25070340,1259745,5,629873,Oregon
2021-10-01,37639043,3022299,8,1511150,Oregon
2021-11-01,32673216,4428659,13.6,2214330,Oregon
2021-12-01,33743753,2597501,7.7,1298751,Oregon
2022-01-01,42899736,2389280,5.6,1194640,Oregon
2022-02-01,39458431,3335165,8.5,1667583,Oregon
2022-03-01,36208012,3620610,10,1810305,Oregon
2022-04-01,42936414,3824163,8.9,1912082,Oregon
2022-05-01,41708882,5034037,12.1,2517019,Oregon
2022-06-01,33966897,2548191,7.5,1274096,Oregon
2022-07-01,28453425,2700257,9.5,1350129,Oregon
2022-08-01,28196192,2707041,9.6,1353521,Oregon
2022-09-01,39292036,5465182,13.9,2732591,Oregon
2022-10-01,55555465,5783451,10.4,2891726,Oregon
2022-11-01,55503997,6418578,11.6,3209289,Oregon
2022-12-01,53806188,5693398,10.6,2846699,Oregon
2023-01-01,62328292,7546964,12.1,3773482,Oregon
2023-02-01,48425409,4261284,8.8,2130642,Oregon
2023-03-01,50456710,6088343,12.1,3044172,Oregon
2023-04-01,55167184,7051979,12.8,3525990,Oregon
2023-05-01,52122284,6462472,12.4,3231236,Oregon
2023-06-01,43861201,4336367,9.9,2168184,Oregon
2023-07-01,40428203,4150626,10.3,2075313,Oregon
2023-08-01,44542070,3507635,7.9,1753818,Oregon
2023-09-01,61354332,6720396,11,3360198,Oregon
2023-10-01,71903468,8545271,11.9,4272636,Oregon
2023-11-01,71231497,7292146,10.2,3646073,Oregon
2023-12-01,74112183,9766102,13.2,4883051,Oregon
2024-01-01,69889711,9898882,14.2,4949441,Oregon
2024-02-01,67902925,7786241,11.5,3893121,Oregon
2024-03-01,69398182,7298922,10.5,3649461,Oregon
2024-04-01,72297347,7370254,10.2,3685127,Oregon
2024-05-01,76231393,8856797,11.6,4428399,Oregon
2024-06-01,64745093,7216231,11.1,3608116,Oregon
2024-07-01,53280681,6082761,11.4,3041381,Oregon
2024-08-01,56210589,5068500,9,2534250,Oregon
2024-09-01,75431509,11423213,15.1,5711607,Oregon
2024-10-01,81735395,5748697,7,2874349,Oregon
2024-11-01,87387636,11895589,13.6,5947795,Oregon
2024-12-01,90178020,5790511,6.4,2895256,Oregon
2025-01-01,83571528,12489739,14.9,6244870,Oregon
2025-02-01,68262719,9673275,14.2,4836638,Oregon
2025-03-01,67466178,7289890,10.8,3644945,Oregon
2025-04-01,78498557,9607805,12.2,4803903,Oregon
2025-05-01,80614208,10334212,12.8,5167106,Oregon
2025-06-01,65808604,9852714,15,4926357,Oregon
2025-07-01,57265090,6695785,11.7,3347893,Oregon
2025-08-01,60538958,7129857,11.8,3564929,Oregon
2018-11-01,1414587,508997,36,183239,Pennsylvania
2018-12-01,16173090,2007592,12.4,722733,Pennsylvania
2019-01-01,32011839,2607215,8.1,938597,Pennsylvania
2019-02-01,31500742,1946817,6.2,700854,Pennsylvania
2019-03-01,44527575,5519340,12.4,1986962,Pennsylvania
2019-04-01,36769145,4221482,11.5,1519734,Pennsylvania
2019-05-01,35934215,2861852,8,1030267,Pennsylvania
2019-06-01,46334244,3126380,6.7,740455,Pennsylvania
2019-07-01,59331959,5074431,8.6,1026769,Pennsylvania
2019-08-01,109038051,9887738,9.1,2201406,Pennsylvania
2019-09-01,194504622,19334816,9.9,5359994,Pennsylvania
2019-10-01,241186066,19116777,7.9,5381370,Pennsylvania
2019-11-01,316468264,20570772,6.5,5299447,Pennsylvania
2019-12-01,342560389,17459091,5.1,4094813,Pennsylvania
2020-01-01,348381708,31580803,9.1,8222829,Pennsylvania
2020-02-01,329765782,11432097,3.5,1700011,Pennsylvania
2020-03-01,131330059,8606120,6.6,2480132,Pennsylvania
2020-04-01,46015988,3202680,7,1038049,Pennsylvania
2020-05-01,77510033,5918697,7.6,1738436,Pennsylvania
2020-06-01,89002562,7959790,8.9,2397657,Pennsylvania
2020-07-01,164782229,13651865,8.3,2933093,Pennsylvania
2020-08-01,364985422,27593677,7.6,6578667,Pennsylvania
2020-09-01,462787392,18278779,3.9,2257158,Pennsylvania
2020-10-01,525802524,47834647,9.1,13239693,Pennsylvania
2020-11-01,491910713,48500443,9.9,13446089,Pennsylvania
2020-12-01,548590065,45344348,8.3,12261434,Pennsylvania
2021-01-01,615294827,49305268,8,12229342,Pennsylvania
2021-02-01,509547820,33171120,6.5,5896731,Pennsylvania
2021-03-01,560259181,41029269,7.3,10566844,Pennsylvania
2021-04-01,479411021,36033727,7.5,9466734,Pennsylvania
2021-05-01,447465027,37419313,8.4,9988734,Pennsylvania
2021-06-01,420193377,42495332,10.1,12321187,Pennsylvania
2021-07-01,304415503,27482519,9,7148225,Pennsylvania
2021-08-01,348520369,25315958,7.3,6482608,Pennsylvania
2021-09-01,578760746,48113670,8.3,10171364,Pennsylvania
2021-10-01,776277954,42282405,5.4,8471814,Pennsylvania
2021-11-01,761574597,84921693,11.2,22920716,Pennsylvania
2021-12-01,750388696,37953474,5.1,6774396,Pennsylvania
2022-01-01,793722787,53403655,6.7,11581175,Pennsylvania
2022-02-01,597064049,22160553,3.7,-159425,Pennsylvania
2022-03-01,714976578,48512264,6.8,10944209,Pennsylvania
2022-04-01,572817741,49083331,8.6,12120141,Pennsylvania
2022-05-01,493350519,47828553,9.7,12603546,Pennsylvania
2022-06-01,393494222,22889554,5.8,4597039,Pennsylvania
2022-07-01,336507932,33226517,9.9,9160020,Pennsylvania
2022-08-01,363046972,42185145,11.6,12223188,Pennsylvania
2022-09-01,645242681,75319093,11.7,18078109,Pennsylvania
2022-10-01,797124732,61519576,7.7,14585047,Pennsylvania
2022-11-01,789230672,69997949,8.9,19037133,Pennsylvania
2022-12-01,754849873,71238770,9.4,19664738,Pennsylvania
2023-01-01,772293543,57983054,7.5,14130499,Pennsylvania
2023-02-01,599574795,62220957,10.4,15565188,Pennsylvania
2023-03-01,723567880,66472109,9.2,18234574,Pennsylvania
2023-04-01,572172929,51791466,9.1,13334805,Pennsylvania
2023-05-01,495606075,57534901,11.6,14798069,Pennsylvania
2023-06-01,373197330,33868719,9.1,8302345,Pennsylvania
2023-07-01,338469149,39413145,11.6,11554768,Pennsylvania
2023-08-01,393027699,30623078,7.8,7932535,Pennsylvania
2023-09-01,726314855,66117904,9.1,13190909,Pennsylvania
2023-10-01,829069257,73645815,8.9,17339283,Pennsylvania
2023-11-01,934179622,49162024,5.3,4643308,Pennsylvania
2023-12-01,925626447,98111216,10.6,26107175,Pennsylvania
2024-01-01,858152503,97681399,11.4,25172653,Pennsylvania
2024-02-01,661740812,50425678,7.6,10890946,Pennsylvania
2024-03-01,800718332,63715603,8,16409365,Pennsylvania
2024-04-01,646061065,59050708,9.1,15268504,Pennsylvania
2024-05-01,591912627,61680936,10.4,15916627,Pennsylvania
2024-06-01,464534792,42998076,9.3,10761524,Pennsylvania
2024-07-01,414673804,52727378,12.7,13883648,Pennsylvania
2024-08-01,485289137,45435752,9.4,10800927,Pennsylvania
2024-09-01,811283985,95815550,11.8,19271526,Pennsylvania
2024-10-01,858148994,58132462,6.8,9854295,Pennsylvania
2024-11-01,935530170,103268288,11,27755097,Pennsylvania
2024-12-01,893371609,47488741,5.3,7872958,Pennsylvania
2025-01-01,873149858,84272113,9.7,18540165,Pennsylvania
2025-02-01,756926216,33961978,4.5,2694664,Pennsylvania
2025-03-01,842856961,49189301,5.8,9729658,Pennsylvania
2025-04-01,711569216,61783963,8.7,15312040,Pennsylvania
2025-05-01,655358227,76064442,11.6,21390206,Pennsylvania
2025-06-01,483637356,66812214,13.8,18445159,Pennsylvania
2025-07-01,412477357,52177461,12.6,14608351,Pennsylvania
2025-08-01,515446826,66533586,12.9,17694375,Pennsylvania
2018-11-01,682714,72997,10.7,37228,Rhode Island
2018-12-01,13087999,957913,7.3,488536,Rhode Island
2019-01-01,19051125,159978,0.8,81589,Rhode Island
2019-02-01,20686618,-890623,-4.3,-454218,Rhode Island
2019-03-01,23582716,1548230,6.6,789597,Rhode Island
2019-04-01,16859818,1970110,11.7,1004756,Rhode Island
2019-05-01,18900152,899165,4.8,458574,Rhode Island
2019-06-01,14736667,2149999,14.6,1096499,Rhode Island
2019-07-01,8321947,827579,9.9,422065,Rhode Island
2019-08-01,10060066,851788,8.5,434412,Rhode Island
2019-09-01,22195789,2516059,11.3,1283190,Rhode Island
2019-10-01,28281025,2457137,8.7,1253140,Rhode Island
2019-11-01,31465062,2745517,8.7,1400214,Rhode Island
2019-12-01,31670511,2571755,8.1,1311595,Rhode Island
2020-01-01,26939692,3279241,12.2,1672413,Rhode Island
2020-02-01,28147862,2323432,8.3,1184950,Rhode Island
2020-03-01,8949157,841767,9.4,429301,Rhode Island
2020-04-01,591377,27381,4.6,13964,Rhode Island
2020-05-01,1533114,163472,10.7,83371,Rhode Island
2020-06-01,2032803,101328,5,51677,Rhode Island
2020-07-01,6738626,351425,5.2,179227,Rhode Island
2020-08-01,23116965,1423391,6.2,725929,Rhode Island
2020-09-01,31293150,2352788,7.5,1199922,Rhode Island
2020-10-01,34704413,4388841,12.6,2238309,Rhode Island
2020-11-01,35098445,6281321,17.9,3203474,Rhode Island
2020-12-01,22770472,2533090,11.1,1291876,Rhode Island
2021-01-01,39817327,3717199,9.3,1895771,Rhode Island
2021-02-01,34110104,1555824,4.6,793470,Rhode Island
2021-03-01,38583919,3976140,10.3,2027831,Rhode Island
2021-04-01,29040966,3168532,10.9,1615951,Rhode Island
2021-05-01,28252139,2772910,9.8,1414184,Rhode Island
2021-06-01,29468571,3666029,12.4,1869675,Rhode Island
2021-07-01,22095960,3263276,14.8,1664271,Rhode Island
2021-08-01,24042834,1129859,4.7,576228,Rhode Island
2021-09-01,41203997,4012295,9.7,2046270,Rhode Island
2021-10-01,60158844,3608570,6,1840371,Rhode Island
2021-11-01,52747831,6703144,12.7,3418603,Rhode Island
2021-12-01,54935498,1177717,2.1,600636,Rhode Island
2022-01-01,58614487,5228277,8.9,2666421,Rhode Island
2022-02-01,42143261,3566393,8.5,1818860,Rhode Island
2022-03-01,45766958,3738223,8.2,1906494,Rhode Island
2022-04-01,40186632,2632134,6.5,1342388,Rhode Island
2022-05-01,41103489,2336733,5.7,1191734,Rhode Island
2022-06-01,34229823,2352896,6.9,1199977,Rhode Island
2022-07-01,25208531,2872076,11.4,1464759,Rhode Island
2022-08-01,27744694,3000421,10.8,1530215,Rhode Island
2022-09-01,41670257,6361823,15.3,3244530,Rhode Island
2022-10-01,55527937,6156914,11.1,3140026,Rhode Island
2022-11-01,61208319,4862856,7.9,2480057,Rhode Island
2022-12-01,59205426,6189316,10.5,3156551,Rhode Island
2023-01-01,62317384,5164799,8.3,2634047,Rhode Island
2023-02-01,43065996,3612113,8.4,1842178,Rhode Island
2023-03-01,41546643,3968567,9.6,2023969,Rhode Island
2023-04-01,37496094,3009679,8,1534936,Rhode Island
2023-05-01,30754497,3898405,12.7,1988187,Rhode Island
2023-06-01,23723659,1783530,7.5,909600,Rhode Island
2023-07-01,20238844,1896983,9.4,967461,Rhode Island
2023-08-01,22472561,1365807,6.1,696562,Rhode Island
2023-09-01,37645368,3472089,9.2,1770765,Rhode Island
2023-10-01,45840376,4545634,9.9,2318273,Rhode Island
2023-11-01,48277794,3413200,7.1,1740732,Rhode Island
2023-12-01,47904210,4147010,8.7,2114975,Rhode Island
2024-01-01,44808686,4999921,11.2,2549960,Rhode Island
2024-02-01,38758578,2888343,7.5,1473055,Rhode Island
2024-03-01,44895394,3103076,6.9,1582569,Rhode Island
2024-04-01,37709038,2740781,7.3,1397798,Rhode Island
2024-05-01,37252539,3343552,9,1705212,Rhode Island
2024-06-01,33010501,2664593,8.1,1358942,Rhode Island
2024-07-01,24848015,2723789,11,1389132,Rhode Island
2024-08-01,28371561,1864079,6.6,950680,Rhode Island
2024-09-01,43604786,5272056,12.1,2688749,Rhode Island
2024-10-01,49404162,2118202,4.3,1080283,Rhode Island
2024-11-01,50647990,5008203,9.9,2554184,Rhode Island
2024-12-01,50195014,1145319,2.3,584113,Rhode Island
2025-01-01,47358801,5074927,10.7,2588213,Rhode Island
2025-02-01,35164802,2976309,8.5,1517918,Rhode Island
2025-03-01,43701613,2242452,5.1,1143651,Rhode Island
2025-04-01,36605834,2701470,7.4,1377750,Rhode Island
2025-05-01,35521600,3318915,9.3,1692647,Rhode Island
2025-06-01,27317451,3167345,11.6,1615346,Rhode Island
2025-07-01,22587607,1855086,8.2,946094,Rhode Island
2021-09-01,443365,71320,16.1,6419,South Dakota
2021-10-01,815037,98037,12,8823,South Dakota
2021-11-01,717775,74919,10.4,6743,South Dakota
2021-12-01,675312,10306,1.5,928,South Dakota
2022-01-01,835252,82291,9.9,7406,South Dakota
2022-02-01,685631,71807,10.5,6463,South Dakota
2022-03-01,975347,32389,3.3,2915,South Dakota
2022-04-01,368517,-13735,-3.7,-1236,South Dakota
2022-05-01,307995,25102,8.2,2259,South Dakota
2022-06-01,301217,27869,9.3,2508,South Dakota
2022-07-01,259180,16143,6.2,1453,South Dakota
2022-08-01,266673,59053,22.1,5315,South Dakota
2022-09-01,711577,211612,29.7,19045,South Dakota
2022-10-01,862170,131749,15.3,11857,South Dakota
2022-11-01,861660,75856,8.8,6827,South Dakota
2022-12-01,757610,151374,20,13624,South Dakota
2023-01-01,910312,123365,13.6,11103,South Dakota
2023-02-01,717137,82853,11.6,7457,South Dakota
2023-03-01,923904,161368,17.5,14523,South Dakota
2023-04-01,493045,22503,4.6,2025,South Dakota
2023-05-01,528562,22536,4.3,2028,South Dakota
2023-06-01,417025,-9254,-2.2,-833,South Dakota
2023-07-01,413368,20087,4.9,1808,South Dakota
2023-08-01,518052,37453,7.2,3371,South Dakota
2023-09-01,979694,170129,17.4,15312,South Dakota
2023-10-01,1021660,174906,17.1,15742,South Dakota
2023-11-01,967994,49887,5.2,4490,South Dakota
2023-12-01,1143938,154098,13.5,13869,South Dakota
2024-01-01,868815,94756,10.9,8528,South Dakota
2024-02-01,696017,-38406,-5.5,-3457,South Dakota
2024-03-01,1242270,91215,7.3,8209,South Dakota
2024-04-01,503508,-11700,-2.3,-1053,South Dakota
2024-05-01,495491,51486,10.4,4634,South Dakota
2024-06-01,557595,20680,3.7,1861,South Dakota
2024-07-01,452755,77421,17.1,6968,South Dakota
2024-08-01,505986,105719,20.9,9515,South Dakota
2024-09-01,967837,215820,22.3,19424,South Dakota
2024-10-01,915592,45792,5,4121,South Dakota
2024-11-01,1001806,145591,14.5,13103,South Dakota
2024-12-01,1029042,-22332,-2.2,-2010,South Dakota
2025-01-01,1024920,108976,10.6,9808,South Dakota
2025-02-01,733611,-18296,-2.5,-1647,South Dakota
2025-03-01,1575140,152244,9.7,13702,South Dakota
2025-04-01,635392,51819,8.2,4664,South Dakota
2025-05-01,611837,-478,-0.1,-43,South Dakota
2025-06-01,511456,63201,12.4,5688,South Dakota
2025-07-01,530079,63967,12.1,5757,South Dakota
2020-11-01,131444523,13224908,10.1,2363918,Tennessee
2020-12-01,180900000,13900000,7.7,3080000,Tennessee
2021-01-01,211300000,20900000,9.9,4300000,Tennessee
2021-02-01,176300000,13000000,7.4,2600000,Tennessee
2021-03-01,205900000,18000000,8.7,3200000,Tennessee
2021-04-01,172400000,15500000,9,2800000,Tennessee
2021-05-01,160900000,15400000,9.6,2700000,Tennessee
2021-06-01,174500000,18300000,10.5,3200000,Tennessee
2021-07-01,144559000,15172000,10.5,2600000,Tennessee
2021-08-01,144500000,13200000,9.1,2000000,Tennessee
2021-09-01,257300000,25600000,9.9,3300000,Tennessee
2021-10-01,375300000,23300000,6.2,3400000,Tennessee
2021-11-01,365700000,36900000,10.1,5900000,Tennessee
2021-12-01,341800000,24600000,7.2,3300000,Tennessee
2022-01-01,386059756,36249453,9.4,5817504,Tennessee
2022-02-01,313298305,20945018,6.7,3026574,Tennessee
2022-03-01,370230004,26520468,7.2,4550242,Tennessee
2022-04-01,292796670,27142800,9.3,4649129,Tennessee
2022-05-01,261582468,27315928,10.4,4766458,Tennessee
2022-06-01,215774186,15855649,7.3,2559649,Tennessee
2022-07-01,182769323,18174226,9.9,3668804,Tennessee
2022-08-01,205863860,27200883,13.2,4875847,Tennessee
2022-09-01,336933437,46285200,13.7,8716963,Tennessee
2022-10-01,405337575,37295159,9.2,6989818,Tennessee
2022-11-01,439456908,47248222,10.8,9030021,Tennessee
2022-12-01,440445414,49176885,11.2,9401952,Tennessee
2023-01-01,410773606,41392586,10.1,7269600,Tennessee
2023-02-01,327326201,33943931,10.4,6380150,Tennessee
2023-03-01,392667304,45506700,11.6,8752898,Tennessee
2023-04-01,318416216,34257592,10.8,6435653,Tennessee
2023-05-01,279794996,37097192,13.3,7145077,Tennessee
2023-06-01,230337515,25526655,11.1,4635761,Tennessee
2023-07-01,214114055,21411406,10,3951411,Tennessee
2023-08-01,243456822,24345682,10,4462942,Tennessee
2023-09-01,418063447,41806345,10,7715705,Tennessee
2023-10-01,445192913,44519291,10,8190461,Tennessee
2023-11-01,517141377,51714138,10,9513707,Tennessee
2023-12-01,495067783,49506778,10,9104148,Tennessee
2024-01-01,465810583,46581058,10,8596621,Tennessee
2024-02-01,380390401,38039040,10,6980317,Tennessee
2024-03-01,473595403,47359540,10,8710419,Tennessee
2024-04-01,380904093,38090409,10,7029494,Tennessee
2024-05-01,379220245,37922025,10,6998418,Tennessee
2024-06-01,342198408,34219841,10,6315166,Tennessee
2024-07-01,271538207,27153821,10,5011204,Tennessee
2024-08-01,342021374,34202137,10,6311946,Tennessee
2024-09-01,520834560,52083456,10,9612392,Tennessee
2024-10-01,547764023,54776402,10,10109043,Tennessee
2024-11-01,594387437,59438744,10,10969178,Tennessee
2024-12-01,569849216,56984922,10,10516365,Tennessee
2025-01-01,543646737,54364674,10,10032973,Tennessee
2025-02-01,413505815,41350582,10,7631217,Tennessee
2025-03-01,548598949,54859895,10,10124355,Tennessee
2025-04-01,463591024,46359102,10,8555547,Tennessee
2025-05-01,437543866,43754387,10,8074811,Tennessee
2025-06-01,350943907,35094391,10,6476661,Tennessee
2025-07-01,298751466,29875147,10,5513184,Tennessee
2024-01-01,19913914,4211298,21.1,1146703,Vermont
2024-02-01,21249830,2547167,12,731874,Vermont
2024-03-01,20196054,1534333,7.6,441030,Vermont
2024-04-01,17083302,1807282,10.6,532457,Vermont
2024-05-01,12607502,1275226,10.1,382430,Vermont
2024-06-01,10049903,1030762,10.3,294847,Vermont
2024-07-01,9466746,1231459,13,366664,Vermont
2024-08-01,11312537,951673,8.4,273126,Vermont
2024-09-01,16665000,2248257,13.5,656455,Vermont
2024-10-01,17332715,1164278,6.7,339378,Vermont
2024-11-01,18423719,2155615,11.7,653891,Vermont
2024-12-01,24453075,1766156,7.2,524309,Vermont
2025-01-01,23870532,3242704,13.6,806070,Vermont
2025-02-01,21534379,2402541,11.2,693284,Vermont
2025-03-01,22945015,1490783,6.5,405942,Vermont
2025-04-01,16238019,1655205,10.2,482245,Vermont
2025-05-01,16261329,1882399,11.6,564762,Vermont
2025-06-01,14004898,1530710,10.9,454195,Vermont
2025-07-01,14828067,1396731,9.4,405030,Vermont
2021-01-01,58896564,3586077,6.1,39710,Virginia
2021-02-01,265778306,12238780,4.6,300594,Virginia
2021-03-01,304066245,26573877,8.7,1183488,Virginia
2021-04-01,236432524,19442317,8.2,1652147,Virginia
2021-05-01,226963573,23173549,10.2,2381116,Virginia
2021-06-01,234943435,22006296,9.4,2273995,Virginia
2021-07-01,161901955,19965556,12.3,1864433,Virginia
2021-08-01,182418252,17967427,9.8,1378540,Virginia
2021-09-01,293851531,30929243,10.5,1557499,Virginia
2021-10-01,427320306,30160385,7.1,1746204,Virginia
2021-11-01,402621132,48337037,12,4233167,Virginia
2021-12-01,426596891,31515015,7.4,1729130,Virginia
2022-01-01,485544417,39050067,8,2876609,Virginia
2022-02-01,401889135,27498133,6.8,1406280,Virginia
2022-03-01,469484017,33700016,7.2,2116289,Virginia
2022-04-01,399478366,36275264,9.1,3040327,Virginia
2022-05-01,351452931,42537524,12.1,3896270,Virginia
2022-06-01,295235271,25965182,8.8,1871961,Virginia
2022-07-01,266001583,26024408,9.8,3725308,Virginia
2022-08-01,284671331,36978897,13,5185810,Virginia
2022-09-01,411273323,53821382,13.1,8285587,Virginia
2022-10-01,528029938,51164199,9.7,8276718,Virginia
2022-11-01,518818987,57531255,11.1,9079686,Virginia
2022-12-01,503075150,50687278,10.1,8284517,Virginia
2023-01-01,513154592,49721328,9.7,6368899,Virginia
2023-02-01,433807108,39766908,9.2,4682125,Virginia
2023-03-01,511614541,55258910,10.8,7413213,Virginia
2023-04-01,425982859,45121878,10.6,5799965,Virginia
2023-05-01,403719160,48144551,11.9,6285305,Virginia
2023-06-01,325455052,32668025,10,3939701,Virginia
2023-07-01,293611789,32471396,11.1,4115218,Virginia
2023-08-01,319005943,32359889,10.1,4155221,Virginia
2023-09-01,520304187,54081414,10.4,7040532,Virginia
2023-10-01,571354817,63996952,11.2,8550197,Virginia
2023-11-01,638831057,43003244,6.7,5480552,Virginia
2023-12-01,633181758,63607011,10,8465776,Virginia
2024-01-01,652879751,74337291,11.4,9932122,Virginia
2024-02-01,545068429,50040797,9.2,6342927,Virginia
2024-03-01,635593137,47694659,7.5,6251083,Virginia
2024-04-01,563495540,60594584,10.8,8210372,Virginia
2024-05-01,505594449,59966998,11.9,8087375,Virginia
2024-06-01,415360427,45490748,11,6212254,Virginia
2024-07-01,377641472,44966093,11.9,6054606,Virginia
2024-08-01,416689216,40143865,9.6,5241930,Virginia
2024-09-01,622060604,71538700,11.5,9875140,Virginia
2024-10-01,696103392,54273253,7.8,7349324,Virginia
2024-11-01,760965450,86351240,11.3,12101176,Virginia
2024-12-01,734380460,49554043,6.7,6598301,Virginia
2025-01-01,736667692,87381242,11.9,12137426,Virginia
2025-02-01,556836877,66806615,12,9303968,Virginia
2025-03-01,689665044,50678283,7.3,6754928,Virginia
2025-04-01,609713988,62793223,10.3,8517817,Virginia
2025-05-01,595041428,72401035,12.2,10159914,Virginia
2025-06-01,477848533,60757217,12.7,8674412,Virginia
2025-07-01,429272341,49425275,11.5,6781017,Virginia
2018-08-01,305192,196945,64.5,19695,West Virginia
2018-09-01,7333626,1967318,26.8,553447,West Virginia
2018-10-01,11147951,854974,7.7,941937,West Virginia
2018-11-01,13826231,1207363,8.7,906780,West Virginia
2018-12-01,15183234,2396963,15.8,1178774,West Virginia
2019-01-01,19740035,1400944,7.1,746413,West Virginia
2019-02-01,16845338,228286,1.4,548490,West Virginia
2019-03-01,15276806,1837732,12,979656,West Virginia
2019-04-01,10978040,699185,6.4,353645,West Virginia
2019-05-01,9429073,719098,7.6,266819,West Virginia
2019-06-01,7925849,425216,5.4,184606,West Virginia
2019-07-01,6944761,694934,10,350743,West Virginia
2019-08-01,11563468,1536864,13.3,407619,West Virginia
2019-09-01,27508921,4119457,15,1176897,West Virginia
2019-10-01,32833393,3197821,9.7,1084692,West Virginia
2019-11-01,35268743,1884367,5.3,1319957,West Virginia
2019-12-01,34159637,2709585,7.9,1075855,West Virginia
2020-01-01,39140547,3035253,7.8,1123159,West Virginia
2020-02-01,40914714,-397120,-1,340008,West Virginia
2020-03-01,14901577,1118217,7.5,292550,West Virginia
2020-04-01,2465138,129540,5.3,12954,West Virginia
2020-05-01,5466523,576709,10.5,58916,West Virginia
2020-06-01,6147910,541070,8.8,132159,West Virginia
2020-07-01,15072228,1522249,10.1,307630,West Virginia
2020-08-01,45185356,2294328,5.1,802836,West Virginia
2020-09-01,67610819,4129595,6.1,979149,West Virginia
2020-10-01,49997860,3950324,7.9,1001548,West Virginia
2020-11-01,52271787,4886566,9.3,1534920,West Virginia
2020-12-01,61566896,5499992,8.9,2270979,West Virginia
2021-01-01,57103775,4891256,8.6,1172935,West Virginia
2021-02-01,38015260,1024272,2.7,468878,West Virginia
2021-03-01,45917290,4311297,9.4,739658,West Virginia
2021-04-01,28995033,2241951,7.7,969756,West Virginia
2021-05-01,28264642,2928370,10.4,528480,West Virginia
2021-06-01,28054400,3318278,11.8,1228294,West Virginia
2021-07-01,21290275,2295743,10.8,545011,West Virginia
2021-08-01,26131251,2685271,10.3,573628,West Virginia
2021-09-01,52193627,6128575,11.7,989354,West Virginia
2021-10-01,68074615,3160579,4.6,1430931,West Virginia
2021-11-01,88190136,6983136,7.9,3116045,West Virginia
2021-12-01,64710557,5159229,8,1647603,West Virginia
2022-01-01,65125042,4528101,7,1506172,West Virginia
2022-02-01,48476816,1904490,3.9,583439,West Virginia
2022-03-01,55672438,3117541,5.6,1786015,West Virginia
2022-04-01,38655331,3067780,7.9,740689,West Virginia
2022-05-01,40439679,3748227,9.3,712092,West Virginia
2022-06-01,30145409,2066930,6.9,492294,West Virginia
2022-07-01,25769135,2706044,10.5,411760,West Virginia
2022-08-01,28553358,3455974,12.1,466837,West Virginia
2022-09-01,49859709,7217919,14.5,1153443,West Virginia
2022-10-01,56968266,5427011,9.5,950520,West Virginia
2022-11-01,72947153,5521747,7.6,836902,West Virginia
2022-12-01,58705514,8060617,13.7,1139022,West Virginia
2023-01-01,49384637,4019360,8.1,710621,West Virginia
2023-02-01,39740983,2726640,6.9,552899,West Virginia
2023-03-01,45538667,4469377,9.8,859136,West Virginia
2023-04-01,40827987,3107176,7.6,498267,West Virginia
2023-05-01,35140816,3849531,11,577577,West Virginia
2023-06-01,23695286,2053727,8.7,395497,West Virginia
2023-07-01,22301062,2719702,12.2,363589,West Virginia
2023-08-01,23959192,2595871,10.8,443391,West Virginia
2023-09-01,44472879,4333428,9.7,719185,West Virginia
2023-10-01,47737777,6376269,13.4,1411764,West Virginia
2023-11-01,56419080,5155090,9.1,1649340,West Virginia
2023-12-01,54009052,6317472,11.7,1587084,West Virginia
2024-01-01,50562352,6472412,12.8,971084,West Virginia
2024-02-01,39271363,3545481,9,780226,West Virginia
2024-03-01,47219129,4411150,9.3,921618,West Virginia
2024-04-01,36508941,3729072,10.2,576448,West Virginia
2024-05-01,32951615,3707617,11.3,505848,West Virginia
2024-06-01,27404227,3417618,12.5,894193,West Virginia
2024-07-01,23911409,3026553,12.7,386098,West Virginia
2024-08-01,28418980,4139945,14.6,702598,West Virginia
2024-09-01,49846374,7621383,15.3,1229800,West Virginia
2024-10-01,56009466,4873697,8.7,849733,West Virginia
2024-11-01,58674358,7179489,12.2,1600379,West Virginia
2024-12-01,54636599,3873233,7.1,690719,West Virginia
2025-01-01,52652101,6267271,11.9,802647,West Virginia
2025-02-01,38329029,4259018,11.1,938801,West Virginia
2025-03-01,51498749,2654302,5.2,582517,West Virginia
2025-04-01,37293218,4133529,11.1,490653,West Virginia
2025-05-01,32450942,4729648,14.6,560647,West Virginia
2025-06-01,26799032,4004448,14.9,497218,West Virginia
2025-07-01,23057019,3199430,13.9,386433,West Virginia
2021-09-01,6242469,954416,15.3,-12398,Wyoming
2021-10-01,10847657,881200,8.1,16021,Wyoming
2021-11-01,10973008,1363696,12.4,86499,Wyoming
2021-12-01,12285012,813504,6.6,21792,Wyoming
2022-01-01,13977632,1098460,7.9,46565,Wyoming
2022-02-01,10301603,722631,7,18824,Wyoming
2022-03-01,12704938,1101236,8.7,44806,Wyoming
2022-04-01,9995920,1007796,10.1,51187,Wyoming
2022-05-01,9340833,1011714,10.8,53163,Wyoming
2022-06-01,7322852,673269,9.2,38036,Wyoming
2022-07-01,7246352,680740,9.4,38365,Wyoming
2022-08-01,10990904,1237815,11.3,85672,Wyoming
2022-09-01,13575173,1932519,14.2,115550,Wyoming
2022-10-01,17275317,2039620,11.8,115893,Wyoming
2022-11-01,16702867,1478158,8.8,100009,Wyoming
2022-12-01,15087739,1803272,12,135101,Wyoming
2023-01-01,14339351,1587273,11.1,94081,Wyoming
2023-02-01,11591163,1106141,9.5,54296,Wyoming
2023-03-01,14777639,1837412,12.4,130677,Wyoming
2023-04-01,12623675,1264212,10,82848,Wyoming
2023-05-01,12778371,1306929,10.2,81448,Wyoming
2023-06-01,9483450,775389,8.2,37705,Wyoming
2023-07-01,8145480,998740,12.3,68363,Wyoming
2023-08-01,10464584,1207821,11.5,84103,Wyoming
2023-09-01,19259607,1525986,7.9,51752,Wyoming
2023-10-01,21234828,2271665,10.7,141087,Wyoming
2023-11-01,18525420,1562756,8.4,96471,Wyoming
2023-12-01,19023734,1849624,9.7,139849,Wyoming
2024-01-01,20272552,2662550,13.1,177183,Wyoming
2024-02-01,15511286,1946594,12.5,114530,Wyoming
2024-03-01,17690741,1718721,9.7,112306,Wyoming
2024-04-01,15428621,1499242,9.7,94165,Wyoming
2024-05-01,12506784,1664699,13.3,115659,Wyoming
2024-06-01,10886389,1080628,9.9,61646,Wyoming
2024-07-01,9721357,1503414,15.5,104057,Wyoming
2024-08-01,12202468,1593257,13.1,116181,Wyoming
2024-09-01,22875228,2953222,12.9,144962,Wyoming
2024-10-01,24450136,1927422,7.9,95613,Wyoming
2024-11-01,22824032,3422167,15,241071,Wyoming
2024-12-01,25236214,838736,3.3,28494,Wyoming
2025-01-01,25274561,2896369,11.5,171278,Wyoming
2025-02-01,16831678,2106645,12.5,139552,Wyoming
2025-03-01,20936441,1140417,5.4,50881,Wyoming
2025-04-01,15842969,1795453,11.3,117519,Wyoming
2025-05-01,14993382,2070033,13.8,151108,Wyoming
2025-06-01,14312005,2022373,14.1,153910,Wyoming
2025-07-01,11643232,1286796,11.1,96032,Wyoming
